date,code,peTTM
2015-11-26,sh.601888,32.298994
2015-11-27,sh.601888,31.357297
2015-11-30,sh.601888,30.568473
2015-12-01,sh.601888,31.088241
2015-12-02,sh.601888,31.993248
2015-12-03,sh.601888,31.987133
2015-12-04,sh.601888,32.421293
2015-12-07,sh.601888,32.372373
2015-12-08,sh.601888,33.130623
2015-12-09,sh.601888,34.610433
2015-12-10,sh.601888,34.879489
2015-12-11,sh.601888,33.442484
2015-12-14,sh.601888,34.622663
2015-12-15,sh.601888,34.769421
2015-12-16,sh.601888,33.815494
2015-12-17,sh.601888,34.910064
2015-12-18,sh.601888,35.674429
2015-12-21,sh.601888,37.563938
2015-12-22,sh.601888,36.805688
2015-12-23,sh.601888,36.340955
2015-12-24,sh.601888,36.451023
2015-12-25,sh.601888,36.071898
2015-12-28,sh.601888,34.873374
2015-12-29,sh.601888,35.521556
2015-12-30,sh.601888,36.940217
2015-12-31,sh.601888,36.267576
2016-01-04,sh.601888,34.145699
2016-01-05,sh.601888,33.852183
2016-01-06,sh.601888,34.543169
2016-01-07,sh.601888,31.779226
2016-01-08,sh.601888,32.733153
2016-01-11,sh.601888,31.968789
2016-01-12,sh.601888,32.451867
2016-01-13,sh.601888,31.363412
2016-01-14,sh.601888,32.127776
2016-01-15,sh.601888,30.935368
2016-01-18,sh.601888,30.76415
2016-01-19,sh.601888,31.644698
2016-01-20,sh.601888,30.75192
2016-01-21,sh.601888,30.281071
2016-01-22,sh.601888,30.446174
2016-01-25,sh.601888,30.874218
2016-01-26,sh.601888,28.56278
2016-01-27,sh.601888,26.830559
2016-01-28,sh.601888,26.533116
2016-01-29,sh.601888,27.923206
2016-02-01,sh.601888,27.78966
2016-02-02,sh.601888,28.196368
2016-02-03,sh.601888,28.888378
2016-02-04,sh.601888,29.021923
2016-02-05,sh.601888,28.190297
2016-02-15,sh.601888,27.601482
2016-02-16,sh.601888,28.287422
2016-02-17,sh.601888,27.722887
2016-02-18,sh.601888,27.170493
2016-02-19,sh.601888,26.964105
2016-02-22,sh.601888,27.911065
2016-02-23,sh.601888,27.619693
2016-02-24,sh.601888,28.924799
2016-02-25,sh.601888,26.557397
2016-02-26,sh.601888,26.988386
2016-02-29,sh.601888,25.22801
2016-03-01,sh.601888,25.610436
2016-03-02,sh.601888,26.478484
2016-03-03,sh.601888,26.059635
2016-03-04,sh.601888,25.391907
2016-03-07,sh.601888,26.120338
2016-03-08,sh.601888,26.035354
2016-03-09,sh.601888,25.731841
2016-03-10,sh.601888,25.452609
2016-03-11,sh.601888,25.22801
2016-03-14,sh.601888,25.798614
2016-03-15,sh.601888,26.751645
2016-03-16,sh.601888,26.187111
2016-03-17,sh.601888,26.569537
2016-03-18,sh.601888,27.036948
2016-03-21,sh.601888,27.32832
2016-03-22,sh.601888,27.128002
2016-03-23,sh.601888,26.964105
2016-03-24,sh.601888,27.370812
2016-03-25,sh.601888,27.146212
2016-03-28,sh.601888,27.874644
2016-03-29,sh.601888,27.182634
2016-03-30,sh.601888,27.886784
2016-03-31,sh.601888,27.710747
2016-04-01,sh.601888,27.401163
2016-04-05,sh.601888,27.741098
2016-04-06,sh.601888,28.038541
2016-04-07,sh.601888,27.656114
2016-04-08,sh.601888,27.55899
2016-04-11,sh.601888,28.038541
2016-04-12,sh.601888,28.639497
2016-04-13,sh.601888,29.100837
2016-04-14,sh.601888,28.797324
2016-04-15,sh.601888,28.785183
2016-04-18,sh.601888,28.348124
2016-04-19,sh.601888,28.433108
2016-04-20,sh.601888,27.904995
2016-04-21,sh.601888,27.571131
2016-04-22,sh.601888,27.704677
2016-04-25,sh.601888,27.84479
2016-04-26,sh.601888,27.788348
2016-04-27,sh.601888,27.756991
2016-04-28,sh.601888,27.443424
2016-04-29,sh.601888,27.606479
2016-05-03,sh.601888,28.127001
2016-05-04,sh.601888,27.932589
2016-05-05,sh.601888,27.907504
2016-05-06,sh.601888,27.067143
2016-05-09,sh.601888,26.465093
2016-05-10,sh.601888,26.828831
2016-05-11,sh.601888,27.205112
2016-05-12,sh.601888,27.035786
2016-05-13,sh.601888,26.966801
2016-05-16,sh.601888,27.035786
2016-05-17,sh.601888,26.885274
2016-05-18,sh.601888,26.734761
2016-05-19,sh.601888,26.753575
2016-05-20,sh.601888,26.72849
2016-05-23,sh.601888,26.96053
2016-05-24,sh.601888,26.672048
2016-05-25,sh.601888,26.653234
2016-05-26,sh.601888,26.559163
2016-05-27,sh.601888,26.546621
2016-05-30,sh.601888,26.690862
2016-05-31,sh.601888,27.70682
2016-06-01,sh.601888,27.587665
2016-06-02,sh.601888,27.644107
2016-06-03,sh.601888,27.418338
2016-06-06,sh.601888,27.499866
2016-06-07,sh.601888,28.064287
2016-06-08,sh.601888,28.07683
2016-06-13,sh.601888,27.42461
2016-06-14,sh.601888,27.211384
2016-06-15,sh.601888,28.07683
2016-06-16,sh.601888,27.700549
2016-06-17,sh.601888,27.800891
2016-06-20,sh.601888,27.976488
2016-06-21,sh.601888,27.788348
2016-06-22,sh.601888,28.089373
2016-06-23,sh.601888,28.095644
2016-06-24,sh.601888,27.556308
2016-06-27,sh.601888,27.531223
2016-06-28,sh.601888,27.662921
2016-06-29,sh.601888,27.713092
2016-06-30,sh.601888,27.581393
2016-07-01,sh.601888,27.556308
2016-07-04,sh.601888,28.007845
2016-07-05,sh.601888,28.108187
2016-07-06,sh.601888,28.026659
2016-07-07,sh.601888,28.346498
2016-07-08,sh.601888,28.716508
2016-07-11,sh.601888,28.421754
2016-07-12,sh.601888,28.804306
2016-07-13,sh.601888,28.647523
2016-07-14,sh.601888,28.409211
2016-07-15,sh.601888,29.306014
2016-07-18,sh.601888,28.82312
2016-07-19,sh.601888,28.465654
2016-07-20,sh.601888,28.697694
2016-07-21,sh.601888,28.82312
2016-07-22,sh.601888,28.741593
2016-07-25,sh.601888,28.691422
2016-07-26,sh.601888,28.77295
2016-07-27,sh.601888,28.522096
2016-07-28,sh.601888,28.522096
2016-07-29,sh.601888,28.2148
2016-08-01,sh.601888,28.195986
2016-08-02,sh.601888,28.039202
2016-08-03,sh.601888,27.951403
2016-08-04,sh.601888,28.139543
2016-08-05,sh.601888,28.020388
2016-08-08,sh.601888,28.03293
2016-08-09,sh.601888,28.327684
2016-08-10,sh.601888,28.127001
2016-08-11,sh.601888,28.127001
2016-08-12,sh.601888,28.409211
2016-08-15,sh.601888,28.986176
2016-08-16,sh.601888,29.086517
2016-08-17,sh.601888,28.785492
2016-08-18,sh.601888,28.766678
2016-08-19,sh.601888,28.754136
2016-08-22,sh.601888,28.327684
2016-08-23,sh.601888,28.359041
2016-08-24,sh.601888,28.54091
2016-08-25,sh.601888,28.641251
2016-08-26,sh.601888,28.860749
2016-08-29,sh.601888,28.873291
2016-08-30,sh.601888,29.048889
2016-08-31,sh.601888,28.547824
2016-09-01,sh.601888,28.266505
2016-09-02,sh.601888,28.31543
2016-09-05,sh.601888,28.089151
2016-09-06,sh.601888,28.560055
2016-09-07,sh.601888,28.688484
2016-09-08,sh.601888,28.657906
2016-09-09,sh.601888,28.627328
2016-09-12,sh.601888,28.602865
2016-09-13,sh.601888,29.330627
2016-09-14,sh.601888,29.165504
2016-09-19,sh.601888,29.471286
2016-09-20,sh.601888,29.26947
2016-09-21,sh.601888,29.208314
2016-09-22,sh.601888,29.183851
2016-09-23,sh.601888,29.061538
2016-09-26,sh.601888,28.138076
2016-09-27,sh.601888,28.150307
2016-09-28,sh.601888,27.722212
2016-09-29,sh.601888,27.709981
2016-09-30,sh.601888,27.569321
2016-10-10,sh.601888,27.618246
2016-10-11,sh.601888,27.648825
2016-10-12,sh.601888,27.612131
2016-10-13,sh.601888,27.502049
2016-10-14,sh.601888,27.440893
2016-10-17,sh.601888,27.300233
2016-10-18,sh.601888,27.502049
2016-10-19,sh.601888,27.65494
2016-10-20,sh.601888,27.612131
2016-10-21,sh.601888,27.489818
2016-10-24,sh.601888,27.789484
2016-10-25,sh.601888,27.703865
2016-10-26,sh.601888,27.648825
2016-10-27,sh.601888,27.624362
2016-10-28,sh.601888,27.410314
2016-10-31,sh.601888,26.686944
2016-11-01,sh.601888,26.752106
2016-11-02,sh.601888,26.461837
2016-11-03,sh.601888,26.580314
2016-11-04,sh.601888,26.378904
2016-11-07,sh.601888,26.017549
2016-11-08,sh.601888,25.952386
2016-11-09,sh.601888,25.697661
2016-11-10,sh.601888,25.987929
2016-11-11,sh.601888,25.946463
2016-11-14,sh.601888,26.023473
2016-11-15,sh.601888,26.124178
2016-11-16,sh.601888,26.100483
2016-11-17,sh.601888,26.14195
2016-11-18,sh.601888,25.999777
2016-11-21,sh.601888,26.088635
2016-11-22,sh.601888,26.669172
2016-11-23,sh.601888,26.355208
2016-11-24,sh.601888,26.473685
2016-11-25,sh.601888,26.527
2016-11-28,sh.601888,26.473685
2016-11-29,sh.601888,26.645477
2016-11-30,sh.601888,26.367056
2016-12-01,sh.601888,26.568467
2016-12-02,sh.601888,26.136026
2016-12-05,sh.601888,26.14195
2016-12-06,sh.601888,25.8813
2016-12-07,sh.601888,25.839833
2016-12-08,sh.601888,25.774671
2016-12-09,sh.601888,25.703585
2016-12-12,sh.601888,25.41924
2016-12-13,sh.601888,25.028266
2016-12-14,sh.601888,24.820931
2016-12-15,sh.601888,24.826855
2016-12-16,sh.601888,25.063809
2016-12-19,sh.601888,25.00457
2016-12-20,sh.601888,25.093428
2016-12-21,sh.601888,25.26522
2016-12-22,sh.601888,25.383697
2016-12-23,sh.601888,25.182286
2016-12-26,sh.601888,25.324458
2016-12-27,sh.601888,25.223753
2016-12-28,sh.601888,25.229677
2016-12-29,sh.601888,25.117124
2016-12-30,sh.601888,25.709509
2017-01-03,sh.601888,25.715432
2017-01-04,sh.601888,25.750975
2017-01-05,sh.601888,25.934615
2017-01-06,sh.601888,25.833909
2017-01-09,sh.601888,25.827986
2017-01-10,sh.601888,25.762823
2017-01-11,sh.601888,25.508098
2017-01-12,sh.601888,25.591032
2017-01-13,sh.601888,26.011625
2017-01-16,sh.601888,26.325589
2017-01-17,sh.601888,26.26635
2017-01-18,sh.601888,26.44999
2017-01-19,sh.601888,26.426294
2017-01-20,sh.601888,26.34336
2017-01-23,sh.601888,26.207112
2017-01-24,sh.601888,25.250831
2017-01-25,sh.601888,25.497454
2017-01-26,sh.601888,25.643186
2017-02-03,sh.601888,25.424588
2017-02-06,sh.601888,25.318092
2017-02-07,sh.601888,25.13873
2017-02-08,sh.601888,25.267646
2017-02-09,sh.601888,25.323697
2017-02-10,sh.601888,25.144335
2017-02-13,sh.601888,25.424588
2017-02-14,sh.601888,25.245226
2017-02-15,sh.601888,25.14994
2017-02-16,sh.601888,25.217201
2017-02-17,sh.601888,25.245226
2017-02-20,sh.601888,25.688027
2017-02-21,sh.601888,25.940255
2017-02-22,sh.601888,25.95707
2017-02-23,sh.601888,26.248533
2017-02-24,sh.601888,26.270954
2017-02-27,sh.601888,27.672221
2017-02-28,sh.601888,27.532094
2017-03-01,sh.601888,27.391967
2017-03-02,sh.601888,27.683431
2017-03-03,sh.601888,28.120626
2017-03-06,sh.601888,27.795532
2017-03-07,sh.601888,28.367249
2017-03-08,sh.601888,28.658713
2017-03-09,sh.601888,28.84368
2017-03-10,sh.601888,28.838075
2017-03-13,sh.601888,27.969289
2017-03-14,sh.601888,28.00292
2017-03-15,sh.601888,27.739481
2017-03-16,sh.601888,27.773112
2017-03-17,sh.601888,27.874003
2017-03-20,sh.601888,28.658713
2017-03-21,sh.601888,28.591452
2017-03-22,sh.601888,31.450036
2017-03-23,sh.601888,32.683151
2017-03-24,sh.601888,32.229141
2017-03-27,sh.601888,32.100224
2017-03-28,sh.601888,32.027358
2017-03-29,sh.601888,31.539717
2017-03-30,sh.601888,31.567743
2017-03-31,sh.601888,31.77513
2017-04-05,sh.601888,32.257166
2017-04-06,sh.601888,31.7415
2017-04-07,sh.601888,32.279586
2017-04-10,sh.601888,32.800858
2017-04-11,sh.601888,32.044174
2017-04-12,sh.601888,28.838075
2017-04-13,sh.601888,28.871705
2017-04-14,sh.601888,28.384064
2017-04-17,sh.601888,29.258455
2017-04-18,sh.601888,29.757306
2017-04-19,sh.601888,29.790936
2017-04-20,sh.601888,29.925458
2017-04-21,sh.601888,29.835777
2017-04-24,sh.601888,29.846987
2017-04-25,sh.601888,29.959088
2017-04-26,sh.601888,30.300997
2017-04-27,sh.601888,30.497175
2017-04-28,sh.601888,29.790936
2017-05-02,sh.601888,28.42796
2017-05-03,sh.601888,27.590274
2017-05-04,sh.601888,27.632959
2017-05-05,sh.601888,27.750341
2017-05-08,sh.601888,27.926415
2017-05-09,sh.601888,27.328831
2017-05-10,sh.601888,27.51024
2017-05-11,sh.601888,27.750341
2017-05-12,sh.601888,28.203865
2017-05-15,sh.601888,28.684067
2017-05-16,sh.601888,29.132256
2017-05-17,sh.601888,28.732088
2017-05-18,sh.601888,28.870813
2017-05-19,sh.601888,28.918833
2017-05-22,sh.601888,29.041551
2017-05-23,sh.601888,28.886819
2017-05-24,sh.601888,28.988195
2017-05-25,sh.601888,29.623129
2017-05-26,sh.601888,29.601787
2017-05-31,sh.601888,28.940175
2017-06-01,sh.601888,30.033969
2017-06-02,sh.601888,30.492828
2017-06-05,sh.601888,30.55152
2017-06-06,sh.601888,30.610211
2017-06-07,sh.601888,31.303836
2017-06-08,sh.601888,31.501253
2017-06-09,sh.601888,31.682662
2017-06-12,sh.601888,31.33585
2017-06-13,sh.601888,31.671991
2017-06-14,sh.601888,31.074406
2017-06-15,sh.601888,30.556855
2017-06-16,sh.601888,29.964606
2017-06-19,sh.601888,30.263399
2017-06-20,sh.601888,29.591116
2017-06-21,sh.601888,30.508835
2017-06-22,sh.601888,30.1887
2017-06-23,sh.601888,30.081989
2017-06-26,sh.601888,30.626218
2017-06-27,sh.601888,31.319843
2017-06-28,sh.601888,31.181118
2017-06-29,sh.601888,31.736018
2017-06-30,sh.601888,32.162864
2017-07-03,sh.601888,31.778703
2017-07-04,sh.601888,31.138433
2017-07-05,sh.601888,31.490581
2017-07-06,sh.601888,30.967695
2017-07-07,sh.601888,30.135345
2017-07-10,sh.601888,31.074406
2017-07-11,sh.601888,30.882326
2017-07-12,sh.601888,31.469239
2017-07-13,sh.601888,31.255816
2017-07-14,sh.601888,31.437226
2017-07-17,sh.601888,30.348768
2017-07-18,sh.601888,30.967695
2017-07-19,sh.601888,31.213131
2017-07-20,sh.601888,31.10642
2017-07-21,sh.601888,30.935681
2017-07-24,sh.601888,30.786285
2017-07-25,sh.601888,30.562191
2017-07-26,sh.601888,30.743601
2017-07-27,sh.601888,31.394541
2017-07-28,sh.601888,31.213131
2017-07-31,sh.601888,30.82897
2017-08-01,sh.601888,31.138433
2017-08-02,sh.601888,31.213131
2017-08-03,sh.601888,30.700916
2017-08-04,sh.601888,30.242056
2017-08-07,sh.601888,27.398163
2017-08-08,sh.601888,27.398163
2017-08-09,sh.601888,27.679817
2017-08-10,sh.601888,27.378738
2017-08-11,sh.601888,27.048523
2017-08-14,sh.601888,27.194206
2017-08-15,sh.601888,27.16507
2017-08-16,sh.601888,27.592407
2017-08-17,sh.601888,27.990608
2017-08-18,sh.601888,28.553917
2017-08-21,sh.601888,28.903556
2017-08-22,sh.601888,28.738449
2017-08-23,sh.601888,28.631614
2017-08-24,sh.601888,28.43737
2017-08-25,sh.601888,28.427658
2017-08-28,sh.601888,28.641327
2017-08-29,sh.601888,28.17514
2017-08-30,sh.601888,28.990615
2017-08-31,sh.601888,29.234479
2017-09-01,sh.601888,29.244234
2017-09-04,sh.601888,31.790179
2017-09-05,sh.601888,31.478033
2017-09-06,sh.601888,31.360978
2017-09-07,sh.601888,30.49282
2017-09-08,sh.601888,31.399996
2017-09-11,sh.601888,31.399996
2017-09-12,sh.601888,31.263432
2017-09-13,sh.601888,31.809688
2017-09-14,sh.601888,33.165575
2017-09-15,sh.601888,33.497231
2017-09-18,sh.601888,33.165575
2017-09-19,sh.601888,32.385209
2017-09-20,sh.601888,33.272876
2017-09-21,sh.601888,32.921711
2017-09-22,sh.601888,32.453491
2017-09-25,sh.601888,32.414472
2017-09-26,sh.601888,33.702077
2017-09-27,sh.601888,33.331403
2017-09-28,sh.601888,33.243612
2017-09-29,sh.601888,33.64355
2017-10-09,sh.601888,33.897169
2017-10-10,sh.601888,34.433671
2017-10-11,sh.601888,35.652993
2017-10-12,sh.601888,35.428638
2017-10-13,sh.601888,35.565202
2017-10-16,sh.601888,35.184773
2017-10-17,sh.601888,35.272565
2017-10-18,sh.601888,35.555448
2017-10-19,sh.601888,36.326059
2017-10-20,sh.601888,35.906612
2017-10-23,sh.601888,35.945631
2017-10-24,sh.601888,36.19925
2017-10-25,sh.601888,36.911334
2017-10-26,sh.601888,37.594155
2017-10-27,sh.601888,34.228435
2017-10-30,sh.601888,34.626641
2017-10-31,sh.601888,35.812604
2017-11-01,sh.601888,34.990221
2017-11-02,sh.601888,34.894998
2017-11-03,sh.601888,34.609328
2017-11-06,sh.601888,36.36663
2017-11-07,sh.601888,35.838574
2017-11-08,sh.601888,36.565733
2017-11-09,sh.601888,36.955283
2017-11-10,sh.601888,37.950799
2017-11-13,sh.601888,39.993771
2017-11-14,sh.601888,37.820949
2017-11-15,sh.601888,36.539763
2017-11-16,sh.601888,37.310206
2017-11-17,sh.601888,36.712896
2017-11-20,sh.601888,36.764836
2017-11-21,sh.601888,39.370491
2017-11-22,sh.601888,37.189013
2017-11-23,sh.601888,36.098274
2017-11-24,sh.601888,35.535591
2017-11-27,sh.601888,33.388739
2017-11-28,sh.601888,33.830229
2017-11-29,sh.601888,35.172011
2017-11-30,sh.601888,36.089617
2017-12-01,sh.601888,36.020364
2017-12-04,sh.601888,35.440367
2017-12-05,sh.601888,35.405741
2017-12-06,sh.601888,35.656784
2017-12-07,sh.601888,34.617985
2017-12-08,sh.601888,36.903343
2017-12-11,sh.601888,38.357662
2017-12-12,sh.601888,38.513482
2017-12-13,sh.601888,38.383632
2017-12-14,sh.601888,37.344833
2017-12-15,sh.601888,36.505137
2017-12-18,sh.601888,36.583047
2017-12-19,sh.601888,37.673786
2017-12-20,sh.601888,37.751696
2017-12-21,sh.601888,38.123932
2017-12-22,sh.601888,37.743039
2017-12-25,sh.601888,37.682442
2017-12-26,sh.601888,36.894686
2017-12-27,sh.601888,35.691411
2017-12-28,sh.601888,37.102446
2017-12-29,sh.601888,37.561249
2018-01-02,sh.601888,37.266923
2018-01-03,sh.601888,39.543624
2018-01-04,sh.601888,39.361835
2018-01-05,sh.601888,39.102135
2018-01-08,sh.601888,40.227501
2018-01-09,sh.601888,40.374664
2018-01-10,sh.601888,40.149591
2018-01-11,sh.601888,39.725414
2018-01-12,sh.601888,39.760041
2018-01-15,sh.601888,41.326896
2018-01-16,sh.601888,42.729275
2018-01-17,sh.601888,41.742416
2018-01-18,sh.601888,41.811669
2018-01-19,sh.601888,41.690476
2018-01-22,sh.601888,42.530172
2018-01-23,sh.601888,42.391666
2018-01-24,sh.601888,42.807185
2018-01-25,sh.601888,42.218532
2018-01-26,sh.601888,42.400322
2018-01-29,sh.601888,37.847671
2018-01-30,sh.601888,38.073001
2018-01-31,sh.601888,39.844561
2018-02-01,sh.601888,39.409441
2018-02-02,sh.601888,41.825911
2018-02-05,sh.601888,40.326301
2018-02-06,sh.601888,37.397011
2018-02-07,sh.601888,36.581161
2018-02-08,sh.601888,37.552411
2018-02-09,sh.601888,36.348061
2018-02-12,sh.601888,37.645651
2018-02-13,sh.601888,38.958781
2018-02-14,sh.601888,40.248601
2018-02-22,sh.601888,41.546191
2018-02-23,sh.601888,42.020161
2018-02-26,sh.601888,41.289781
2018-02-27,sh.601888,41.025601
2018-02-28,sh.601888,40.683721
2018-03-01,sh.601888,41.950231
2018-03-02,sh.601888,41.414101
2018-03-05,sh.601888,41.600581
2018-03-06,sh.601888,42.836011
2018-03-07,sh.601888,43.076881
2018-03-08,sh.601888,44.483251
2018-03-09,sh.601888,44.498791
2018-03-12,sh.601888,43.799491
2018-03-13,sh.601888,43.830571
2018-03-14,sh.601888,44.452171
2018-03-15,sh.601888,44.180221
2018-03-16,sh.601888,43.131271
2018-03-19,sh.601888,43.807261
2018-03-20,sh.601888,43.208971
2018-03-21,sh.601888,44.483251
2018-03-22,sh.601888,44.327851
2018-03-23,sh.601888,44.327851
2018-03-26,sh.601888,42.494131
2018-03-27,sh.601888,43.146811
2018-03-28,sh.601888,44.094751
2018-03-29,sh.601888,41.732671
2018-03-30,sh.601888,41.111071
2018-04-02,sh.601888,42.610681
2018-04-03,sh.601888,42.082321
2018-04-04,sh.601888,41.165461
2018-04-09,sh.601888,41.305321
2018-04-10,sh.601888,41.787061
2018-04-11,sh.601888,41.344171
2018-04-12,sh.601888,42.455281
2018-04-13,sh.601888,43.605241
2018-04-16,sh.601888,43.783951
2018-04-17,sh.601888,39.759091
2018-04-18,sh.601888,39.813481
2018-04-19,sh.601888,41.701591
2018-04-20,sh.601888,41.616121
2018-04-23,sh.601888,41.351941
2018-04-24,sh.601888,41.670511
2018-04-25,sh.601888,41.872531
2018-04-26,sh.601888,40.963441
2018-04-27,sh.601888,40.458391
2018-05-02,sh.601888,36.982412
2018-05-03,sh.601888,38.276468
2018-05-04,sh.601888,38.125386
2018-05-07,sh.601888,38.499808
2018-05-08,sh.601888,38.755992
2018-05-09,sh.601888,39.360322
2018-05-10,sh.601888,40.523002
2018-05-11,sh.601888,40.076323
2018-05-14,sh.601888,41.028801
2018-05-15,sh.601888,41.344104
2018-05-16,sh.601888,40.779186
2018-05-17,sh.601888,40.082892
2018-05-18,sh.601888,40.457314
2018-05-21,sh.601888,40.910562
2018-05-22,sh.601888,41.094489
2018-05-23,sh.601888,40.680654
2018-05-24,sh.601888,41.035369
2018-05-25,sh.601888,40.943406
2018-05-28,sh.601888,40.614965
2018-05-29,sh.601888,42.092948
2018-05-30,sh.601888,41.810489
2018-05-31,sh.601888,44.438014
2018-06-01,sh.601888,44.326344
2018-06-04,sh.601888,44.254087
2018-06-05,sh.601888,44.529977
2018-06-06,sh.601888,43.899371
2018-06-07,sh.601888,43.695738
2018-06-08,sh.601888,43.472399
2018-06-11,sh.601888,41.810489
2018-06-12,sh.601888,43.268765
2018-06-13,sh.601888,43.892803
2018-06-14,sh.601888,43.925647
2018-06-15,sh.601888,43.616913
2018-06-19,sh.601888,42.946894
2018-06-20,sh.601888,42.992875
2018-06-21,sh.601888,44.490565
2018-06-22,sh.601888,43.984766
2018-06-25,sh.601888,45.561281
2018-06-26,sh.601888,43.96506
2018-06-27,sh.601888,41.396654
2018-06-28,sh.601888,41.75137
2018-06-29,sh.601888,42.309719
2018-07-02,sh.601888,42.263737
2018-07-03,sh.601888,40.273387
2018-07-04,sh.601888,40.982819
2018-07-05,sh.601888,41.606856
2018-07-06,sh.601888,40.81203
2018-07-09,sh.601888,41.987847
2018-07-10,sh.601888,43.314747
2018-07-11,sh.601888,43.46583
2018-07-12,sh.601888,44.464289
2018-07-13,sh.601888,46.638566
2018-07-16,sh.601888,47.512218
2018-07-17,sh.601888,46.848768
2018-07-18,sh.601888,47.820952
2018-07-19,sh.601888,47.709282
2018-07-20,sh.601888,48.254494
2018-07-23,sh.601888,46.073648
2018-07-24,sh.601888,46.185318
2018-07-25,sh.601888,48.734017
2018-07-26,sh.601888,47.99831
2018-07-27,sh.601888,47.341429
2018-07-30,sh.601888,46.888181
2018-07-31,sh.601888,46.132768
2018-08-01,sh.601888,46.78308
2018-08-02,sh.601888,45.002932
2018-08-03,sh.601888,42.546196
2018-08-06,sh.601888,40.608397
2018-08-07,sh.601888,40.634672
2018-08-08,sh.601888,37.488696
2018-08-09,sh.601888,38.734806
2018-08-10,sh.601888,39.205972
2018-08-13,sh.601888,39.515949
2018-08-14,sh.601888,39.137777
2018-08-15,sh.601888,37.70568
2018-08-16,sh.601888,36.719951
2018-08-17,sh.601888,35.393247
2018-08-20,sh.601888,35.585433
2018-08-21,sh.601888,38.052855
2018-08-22,sh.601888,37.253113
2018-08-23,sh.601888,37.4205
2018-08-24,sh.601888,37.01133
2018-08-27,sh.601888,40.284694
2018-08-28,sh.601888,40.018113
2018-08-29,sh.601888,39.78253
2018-08-30,sh.601888,40.169256
2018-08-31,sh.601888,39.276606
2018-09-03,sh.601888,38.619516
2018-09-04,sh.601888,38.414951
2018-09-05,sh.601888,37.100771
2018-09-06,sh.601888,36.468477
2018-09-07,sh.601888,38.427348
2018-09-10,sh.601888,37.230949
2018-09-11,sh.601888,38.074008
2018-09-12,sh.601888,37.094572
2018-09-13,sh.601888,37.70207
2018-09-14,sh.601888,38.309568
2018-09-17,sh.601888,38.588521
2018-09-18,sh.601888,39.103035
2018-09-19,sh.601888,39.815915
2018-09-20,sh.601888,39.61135
2018-09-21,sh.601888,41.849174
2018-09-25,sh.601888,41.725195
2018-09-26,sh.601888,42.097132
2018-09-27,sh.601888,41.316063
2018-09-28,sh.601888,42.165321
2018-10-08,sh.601888,39.524564
2018-10-09,sh.601888,39.419182
2018-10-10,sh.601888,39.053443
2018-10-11,sh.601888,37.503703
2018-10-12,sh.601888,39.220815
2018-10-15,sh.601888,39.363391
2018-10-16,sh.601888,38.371558
2018-10-17,sh.601888,34.534402
2018-10-18,sh.601888,32.172599
2018-10-19,sh.601888,33.040453
2018-10-22,sh.601888,35.829984
2018-10-23,sh.601888,35.334068
2018-10-24,sh.601888,34.385627
2018-10-25,sh.601888,34.949732
2018-10-26,sh.601888,32.966065
2018-10-29,sh.601888,29.829392
2018-10-30,sh.601888,30.821225
2018-10-31,sh.601888,31.492853
2018-11-01,sh.601888,31.052845
2018-11-02,sh.601888,34.15637
2018-11-05,sh.601888,33.716362
2018-11-06,sh.601888,32.883279
2018-11-07,sh.601888,33.076883
2018-11-08,sh.601888,33.311554
2018-11-09,sh.601888,33.26462
2018-11-12,sh.601888,32.607541
2018-11-13,sh.601888,32.279001
2018-11-14,sh.601888,31.668857
2018-11-15,sh.601888,32.073664
2018-11-16,sh.601888,32.361136
2018-11-19,sh.601888,32.513673
2018-11-20,sh.601888,31.850727
2018-11-21,sh.601888,32.501939
2018-11-22,sh.601888,32.085398
2018-11-23,sh.601888,31.962196
2018-11-26,sh.601888,31.686457
2018-11-27,sh.601888,31.357918
2018-11-28,sh.601888,32.795278
2018-11-29,sh.601888,32.102998
2018-11-30,sh.601888,32.39047
2018-12-03,sh.601888,33.293954
2018-12-04,sh.601888,34.473176
2018-12-05,sh.601888,34.784115
2018-12-06,sh.601888,34.162237
2018-12-07,sh.601888,34.291306
2018-12-10,sh.601888,34.567044
2018-12-11,sh.601888,34.989452
2018-12-12,sh.601888,35.963337
2018-12-13,sh.601888,36.626282
2018-12-14,sh.601888,35.599597
2018-12-17,sh.601888,35.664131
2018-12-18,sh.601888,35.22999
2018-12-19,sh.601888,34.70198
2018-12-20,sh.601888,34.53771
2018-12-21,sh.601888,34.15637
2018-12-24,sh.601888,34.760648
2018-12-25,sh.601888,34.789982
2018-12-26,sh.601888,34.256105
2018-12-27,sh.601888,34.549444
2018-12-28,sh.601888,35.317991
2019-01-02,sh.601888,35.08332
2019-01-03,sh.601888,33.42889
2019-01-04,sh.601888,33.499291
2019-01-07,sh.601888,34.085968
2019-01-08,sh.601888,34.965985
2019-01-09,sh.601888,35.728666
2019-01-10,sh.601888,35.259324
2019-01-11,sh.601888,35.599597
2019-01-14,sh.601888,34.379307
2019-01-15,sh.601888,35.658264
2019-01-16,sh.601888,35.863602
2019-01-17,sh.601888,35.669998
2019-01-18,sh.601888,34.86625
2019-01-21,sh.601888,35.124388
2019-01-22,sh.601888,34.555311
2019-01-23,sh.601888,34.678513
2019-01-24,sh.601888,34.733749
2019-01-25,sh.601888,35.000455
2019-01-28,sh.601888,34.113504
2019-01-29,sh.601888,34.653118
2019-01-30,sh.601888,33.741357
2019-01-31,sh.601888,33.803381
2019-02-01,sh.601888,33.803381
2019-02-11,sh.601888,36.036265
2019-02-12,sh.601888,36.085885
2019-02-13,sh.601888,37.214732
2019-02-14,sh.601888,38.349781
2019-02-15,sh.601888,36.972836
2019-02-18,sh.601888,38.002443
2019-02-19,sh.601888,38.1451
2019-02-20,sh.601888,38.734333
2019-02-21,sh.601888,38.77775
2019-02-22,sh.601888,39.032051
2019-02-25,sh.601888,40.173303
2019-02-26,sh.601888,38.672309
2019-02-27,sh.601888,39.125088
2019-02-28,sh.601888,39.571665
2019-03-01,sh.601888,39.974824
2019-03-04,sh.601888,39.528247
2019-03-05,sh.601888,38.703321
2019-03-06,sh.601888,38.250542
2019-03-07,sh.601888,38.1451
2019-03-08,sh.601888,36.935621
2019-03-11,sh.601888,37.834977
2019-03-12,sh.601888,37.301566
2019-03-13,sh.601888,37.171314
2019-03-14,sh.601888,37.301566
2019-03-15,sh.601888,37.803965
2019-03-18,sh.601888,39.013444
2019-03-19,sh.601888,39.007241
2019-03-20,sh.601888,39.50964
2019-03-21,sh.601888,39.633689
2019-03-22,sh.601888,39.850775
2019-03-25,sh.601888,38.833572
2019-03-26,sh.601888,39.478628
2019-03-27,sh.601888,40.607475
2019-03-28,sh.601888,42.046444
2019-03-29,sh.601888,43.466806
2019-04-01,sh.601888,43.404782
2019-04-02,sh.601888,43.67769
2019-04-03,sh.601888,44.421985
2019-04-04,sh.601888,44.874764
2019-04-08,sh.601888,44.725905
2019-04-09,sh.601888,45.42058
2019-04-10,sh.601888,44.905776
2019-04-11,sh.601888,44.812739
2019-04-12,sh.601888,44.273126
2019-04-15,sh.601888,45.222101
2019-04-16,sh.601888,46.313733
2019-04-17,sh.601888,47.250304
2019-04-18,sh.601888,48.521808
2019-04-19,sh.601888,48.776108
2019-04-22,sh.601888,48.379151
2019-04-23,sh.601888,48.007004
2019-04-24,sh.601888,48.893955
2019-04-25,sh.601888,49.197875
2019-04-26,sh.601888,47.944979
2019-04-29,sh.601888,36.824059
2019-04-30,sh.601888,35.677624
2019-05-06,sh.601888,34.996208
2019-05-07,sh.601888,35.17577
2019-05-08,sh.601888,33.799127
2019-05-09,sh.601888,33.909627
2019-05-10,sh.601888,35.521082
2019-05-13,sh.601888,35.461228
2019-05-14,sh.601888,34.600251
2019-05-15,sh.601888,35.820353
2019-05-16,sh.601888,36.372852
2019-05-17,sh.601888,35.539499
2019-05-20,sh.601888,34.996208
2019-05-21,sh.601888,35.138937
2019-05-22,sh.601888,35.438207
2019-05-23,sh.601888,34.683125
2019-05-24,sh.601888,34.669313
2019-05-27,sh.601888,34.894917
2019-05-28,sh.601888,35.912436
2019-05-29,sh.601888,35.313895
2019-05-30,sh.601888,34.908729
2019-05-31,sh.601888,35.631582
2019-06-03,sh.601888,35.277062
2019-06-04,sh.601888,34.853479
2019-06-05,sh.601888,34.324001
2019-06-06,sh.601888,34.038543
2019-06-10,sh.601888,34.963979
2019-06-11,sh.601888,36.234727
2019-06-12,sh.601888,36.395872
2019-06-13,sh.601888,36.142644
2019-06-14,sh.601888,36.584643
2019-06-17,sh.601888,37.431808
2019-06-18,sh.601888,36.84708
2019-06-19,sh.601888,38.062578
2019-06-20,sh.601888,39.448429
2019-06-21,sh.601888,39.153763
2019-06-24,sh.601888,39.370159
2019-06-25,sh.601888,38.914347
2019-06-26,sh.601888,39.135347
2019-06-27,sh.601888,39.862804
2019-06-28,sh.601888,40.815864
2019-07-01,sh.601888,41.529509
2019-07-02,sh.601888,41.980716
2019-07-03,sh.601888,40.599469
2019-07-04,sh.601888,38.35264
2019-07-05,sh.601888,39.82597
2019-07-08,sh.601888,39.135347
2019-07-09,sh.601888,39.144555
2019-07-10,sh.601888,40.488969
2019-07-11,sh.601888,39.651012
2019-07-12,sh.601888,40.383074
2019-07-15,sh.601888,40.433719
2019-07-16,sh.601888,39.687846
2019-07-17,sh.601888,39.001826
2019-07-18,sh.601888,39.22743
2019-07-19,sh.601888,39.540513
2019-07-22,sh.601888,40.525802
2019-07-23,sh.601888,39.655616
2019-07-24,sh.601888,39.58195
2019-07-25,sh.601888,40.562636
2019-07-26,sh.601888,41.253259
2019-07-29,sh.601888,41.667634
2019-07-30,sh.601888,41.409801
2019-07-31,sh.601888,41.667634
2019-08-01,sh.601888,39.226008
2019-08-02,sh.601888,39.651139
2019-08-05,sh.601888,37.604374
2019-08-06,sh.601888,37.626288
2019-08-07,sh.601888,37.779686
2019-08-08,sh.601888,38.358215
2019-08-09,sh.601888,38.305621
2019-08-12,sh.601888,38.393277
2019-08-13,sh.601888,38.042654
2019-08-14,sh.601888,38.853471
2019-08-15,sh.601888,38.31877
2019-08-16,sh.601888,39.760709
2019-08-19,sh.601888,39.839599
2019-08-20,sh.601888,39.971083
2019-08-21,sh.601888,39.795771
2019-08-22,sh.601888,41.351663
2019-08-23,sh.601888,41.759263
2019-08-26,sh.601888,41.56642
2019-08-27,sh.601888,41.886364
2019-08-28,sh.601888,41.588334
2019-08-29,sh.601888,41.592717
2019-08-30,sh.601888,41.846919
2019-09-02,sh.601888,41.369194
2019-09-03,sh.601888,41.452468
2019-09-04,sh.601888,40.426894
2019-09-05,sh.601888,40.7819
2019-09-06,sh.601888,41.277156
2019-09-09,sh.601888,41.11061
2019-09-10,sh.601888,40.755603
2019-09-11,sh.601888,39.931638
2019-09-12,sh.601888,40.492636
2019-09-16,sh.601888,40.650416
2019-09-17,sh.601888,40.339238
2019-09-18,sh.601888,41.11061
2019-09-19,sh.601888,41.903895
2019-09-20,sh.601888,40.922149
2019-09-23,sh.601888,40.667947
2019-09-24,sh.601888,41.11061
2019-09-25,sh.601888,41.281539
2019-09-26,sh.601888,40.992274
2019-09-27,sh.601888,40.764369
2019-09-30,sh.601888,40.786283
2019-10-08,sh.601888,42.556932
2019-10-09,sh.601888,40.869556
2019-10-10,sh.601888,41.759263
2019-10-11,sh.601888,41.553272
2019-10-14,sh.601888,41.474382
2019-10-15,sh.601888,41.772412
2019-10-16,sh.601888,41.943341
2019-10-17,sh.601888,42.184394
2019-10-18,sh.601888,41.746115
2019-10-21,sh.601888,41.526975
2019-10-22,sh.601888,41.338515
2019-10-23,sh.601888,40.352386
2019-10-24,sh.601888,38.853471
2019-10-25,sh.601888,39.616077
2019-10-28,sh.601888,40.133247
2019-10-29,sh.601888,40.291027
2019-10-30,sh.601888,38.388379
2019-10-31,sh.601888,38.473544
2019-11-01,sh.601888,38.669425
2019-11-04,sh.601888,39.567922
2019-11-05,sh.601888,39.525339
2019-11-06,sh.601888,39.342233
2019-11-07,sh.601888,38.601292
2019-11-08,sh.601888,38.537418
2019-11-11,sh.601888,37.3451
2019-11-12,sh.601888,37.012955
2019-11-13,sh.601888,36.323114
2019-11-14,sh.601888,36.076133
2019-11-15,sh.601888,35.982451
2019-11-18,sh.601888,36.897981
2019-11-19,sh.601888,37.025729
2019-11-20,sh.601888,36.795782
2019-11-21,sh.601888,36.740425
2019-11-22,sh.601888,36.067617
2019-11-25,sh.601888,35.356484
2019-11-26,sh.601888,35.931352
2019-11-27,sh.601888,35.799345
2019-11-28,sh.601888,35.386292
2019-11-29,sh.601888,35.684372
2019-12-02,sh.601888,35.548107
2019-12-03,sh.601888,35.718438
2019-12-04,sh.601888,36.118716
2019-12-05,sh.601888,36.740425
2019-12-06,sh.601888,37.132186
2019-12-09,sh.601888,36.323114
2019-12-10,sh.601888,37.672988
2019-12-11,sh.601888,37.728345
2019-12-12,sh.601888,37.813511
2019-12-13,sh.601888,38.375604
2019-12-16,sh.601888,36.672292
2019-12-17,sh.601888,36.45512
2019-12-18,sh.601888,36.242206
2019-12-19,sh.601888,36.395504
2019-12-20,sh.601888,37.340842
2019-12-23,sh.601888,36.97463
2019-12-24,sh.601888,37.136445
2019-12-25,sh.601888,37.09812
2019-12-26,sh.601888,37.540981
2019-12-27,sh.601888,37.523948
2019-12-30,sh.601888,37.898677
2019-12-31,sh.601888,37.877385
2020-01-02,sh.601888,38.345796
2020-01-03,sh.601888,38.741816
2020-01-06,sh.601888,38.324504
2020-01-07,sh.601888,38.712008
2020-01-08,sh.601888,38.878081
2020-01-09,sh.601888,40.027816
2020-01-10,sh.601888,40.172597
2020-01-13,sh.601888,38.750332
2020-01-14,sh.601888,37.830544
2020-01-15,sh.601888,38.051975
2020-01-16,sh.601888,38.490577
2020-01-17,sh.601888,38.26063
2020-01-20,sh.601888,36.458135
2020-01-21,sh.601888,35.13658
2020-01-22,sh.601888,35.4848
2020-01-23,sh.601888,34.402383
2020-02-03,sh.601888,30.962145
2020-02-04,sh.601888,31.499158
2020-02-05,sh.601888,32.631919
2020-02-06,sh.601888,33.898934
2020-02-07,sh.601888,33.647209
2020-02-10,sh.601888,33.143759
2020-02-11,sh.601888,33.584278
2020-02-12,sh.601888,33.731117
2020-02-13,sh.601888,33.210886
2020-02-14,sh.601888,33.95767
2020-02-17,sh.601888,34.087727
2020-02-18,sh.601888,33.647209
2020-02-19,sh.601888,34.951982
2020-02-20,sh.601888,35.99664
2020-02-21,sh.601888,35.690375
2020-02-24,sh.601888,34.809338
2020-02-25,sh.601888,34.335257
2020-02-26,sh.601888,33.647209
2020-02-27,sh.601888,33.752094
2020-02-28,sh.601888,32.933989
2020-03-02,sh.601888,32.887839
2020-03-03,sh.601888,33.215081
2020-03-04,sh.601888,33.168932
2020-03-05,sh.601888,35.287615
2020-03-06,sh.601888,34.935201
2020-03-09,sh.601888,33.1983
2020-03-10,sh.601888,34.184222
2020-03-11,sh.601888,34.67928
2020-03-12,sh.601888,33.177323
2020-03-13,sh.601888,35.069454
2020-03-16,sh.601888,32.64031
2020-03-17,sh.601888,32.396976
2020-03-18,sh.601888,31.62502
2020-03-19,sh.601888,30.173407
2020-03-20,sh.601888,31.717319
2020-03-23,sh.601888,30.269902
2020-03-24,sh.601888,30.739788
2020-03-25,sh.601888,31.381686
2020-03-26,sh.601888,30.584558
2020-03-27,sh.601888,30.383178
2020-03-30,sh.601888,28.507829
2020-03-31,sh.601888,28.193173
2020-04-01,sh.601888,28.751162
2020-04-02,sh.601888,30.135649
2020-04-03,sh.601888,30.471282
2020-04-07,sh.601888,31.696342
2020-04-08,sh.601888,31.72571
2020-04-09,sh.601888,32.514448
2020-04-10,sh.601888,32.43893
2020-04-13,sh.601888,32.904621
2020-04-14,sh.601888,33.307381
2020-04-15,sh.601888,32.13686
2020-04-16,sh.601888,32.304677
2020-04-17,sh.601888,34.108704
2020-04-20,sh.601888,34.738016
2020-04-21,sh.601888,34.494682
2020-04-22,sh.601888,36.046985
2020-04-23,sh.601888,76.7136
2020-04-24,sh.601888,77.71506
2020-04-27,sh.601888,76.5718
2020-04-28,sh.601888,79.425518
2020-04-29,sh.601888,80.028166
2020-04-30,sh.601888,80.914414
2020-05-06,sh.601888,79.983854
2020-05-07,sh.601888,80.825789
2020-05-08,sh.601888,82.137436
2020-05-11,sh.601888,78.787419
2020-05-12,sh.601888,80.152241
2020-05-13,sh.601888,79.753429
2020-05-14,sh.601888,78.743107
2020-05-15,sh.601888,77.60871
2020-05-18,sh.601888,77.546673
2020-05-19,sh.601888,79.230543
2020-05-20,sh.601888,77.688472
2020-05-21,sh.601888,77.794822
2020-05-22,sh.601888,76.367963
2020-05-25,sh.601888,78.689932
2020-05-26,sh.601888,85.097503
2020-05-27,sh.601888,85.611527
2020-05-28,sh.601888,84.19353
2020-05-29,sh.601888,89.714853
2020-06-01,sh.601888,90.556789
2020-06-02,sh.601888,88.509556
2020-06-03,sh.601888,90.556789
2020-06-04,sh.601888,88.553869
2020-06-05,sh.601888,94.305616
2020-06-08,sh.601888,94.101779
2020-06-09,sh.601888,97.487246
2020-06-10,sh.601888,94.243579
2020-06-11,sh.601888,96.556685
2020-06-12,sh.601888,106.216785
2020-06-15,sh.601888,106.349722
2020-06-16,sh.601888,112.110332
2020-06-17,sh.601888,110.674611
2020-06-18,sh.601888,114.396851
2020-06-19,sh.601888,115.93006
2020-06-22,sh.601888,111.88877
2020-06-23,sh.601888,112.110332
2020-06-24,sh.601888,112.819331
2020-06-29,sh.601888,124.101264
2020-06-30,sh.601888,136.508731
2020-07-01,sh.601888,148.251513
2020-07-02,sh.601888,147.241191
2020-07-03,sh.601888,161.961765
2020-07-06,sh.601888,178.162372
2020-07-07,sh.601888,170.514055
2020-07-08,sh.601888,173.580472
2020-07-09,sh.601888,171.745939
2020-07-10,sh.601888,180.342542
2020-07-13,sh.601888,172.525837
2020-07-14,sh.601888,168.38706
2020-07-15,sh.601888,168.856772
2020-07-16,sh.601888,151.548354
2020-07-17,sh.601888,161.059876
2020-07-20,sh.601888,167.824219
2020-07-21,sh.601888,168.466404
2020-07-22,sh.601888,176.908989
2020-07-23,sh.601888,194.599032
2020-07-24,sh.601888,175.13656
2020-07-27,sh.601888,170.983767
2020-07-28,sh.601888,176.986052
2020-07-29,sh.601888,183.236647
2020-07-30,sh.601888,191.199735
2020-07-31,sh.601888,208.067782
2020-08-03,sh.601888,204.214675
2020-08-04,sh.601888,191.413797
2020-08-05,sh.601888,191.670671
2020-08-06,sh.601888,186.884255
2020-08-07,sh.601888,189.12762
2020-08-10,sh.601888,182.979774
2020-08-11,sh.601888,183.476396
2020-08-12,sh.601888,176.943239
2020-08-13,sh.601888,175.093748
2020-08-14,sh.601888,177.456987
2020-08-17,sh.601888,177.414175
2020-08-18,sh.601888,180.625097
2020-08-19,sh.601888,171.249203
2020-08-20,sh.601888,166.111727
2020-08-21,sh.601888,170.718331
2020-08-24,sh.601888,174.263189
2020-08-25,sh.601888,180.0771
2020-08-26,sh.601888,174.271752
2020-08-27,sh.601888,174.665625
2020-08-28,sh.601888,189.638654
2020-08-31,sh.601888,179.050568
2020-09-01,sh.601888,186.625784
2020-09-02,sh.601888,191.962869
2020-09-03,sh.601888,193.081935
2020-09-04,sh.601888,189.208244
2020-09-07,sh.601888,180.152418
2020-09-08,sh.601888,175.779452
2020-09-09,sh.601888,169.736495
2020-09-10,sh.601888,176.9846
2020-09-11,sh.601888,178.37052
2020-09-14,sh.601888,184.473734
2020-09-15,sh.601888,191.601324
2020-09-16,sh.601888,187.021762
2020-09-17,sh.601888,182.605755
2020-09-18,sh.601888,185.937128
2020-09-21,sh.601888,179.919996
2020-09-22,sh.601888,177.94011
2020-09-23,sh.601888,187.228358
2020-09-24,sh.601888,183.44075
2020-09-25,sh.601888,188.691752
2020-09-28,sh.601888,193.598427
2020-09-29,sh.601888,193.081935
2020-09-30,sh.601888,191.911219
2020-10-09,sh.601888,175.69337
2020-10-12,sh.601888,182.493848
2020-10-13,sh.601888,116.197886
2020-10-14,sh.601888,113.538523
2020-10-15,sh.601888,110.081351
2020-10-16,sh.601888,110.406987
2020-10-19,sh.601888,108.599706
2020-10-20,sh.601888,108.556287
2020-10-21,sh.601888,106.157433
2020-10-22,sh.601888,106.369097
2020-10-23,sh.601888,104.778906
2020-10-26,sh.601888,100.77358
2020-10-27,sh.601888,100.836947
2020-10-28,sh.601888,108.257446
2020-10-29,sh.601888,109.359608
2020-10-30,sh.601888,108.797615
2020-11-02,sh.601888,106.06949
2020-11-03,sh.601888,107.90279
2020-11-04,sh.601888,110.450858
2020-11-05,sh.601888,109.179552
2020-11-06,sh.601888,107.11709
2020-11-09,sh.601888,108.852177
2020-11-10,sh.601888,101.087934
2020-11-11,sh.601888,100.722365
2020-11-12,sh.601888,107.024334
2020-11-13,sh.601888,105.032803
2020-11-16,sh.601888,101.731772
2020-11-17,sh.601888,98.758116
2020-11-18,sh.601888,95.620772
2020-11-19,sh.601888,100.018509
2020-11-20,sh.601888,100.940615
2020-11-23,sh.601888,102.517471
2020-11-24,sh.601888,105.518409
2020-11-25,sh.601888,103.123115
2020-11-26,sh.601888,104.350771
2020-11-27,sh.601888,105.41474
2020-11-30,sh.601888,105.41474
2020-12-01,sh.601888,106.94249
2020-12-02,sh.601888,106.68059
2020-12-03,sh.601888,106.358671
2020-12-04,sh.601888,107.177109
2020-12-07,sh.601888,113.353583
2020-12-08,sh.601888,113.506358
2020-12-09,sh.601888,110.396296
2020-12-10,sh.601888,113.380864
2020-12-11,sh.601888,112.398739
2020-12-14,sh.601888,116.545489
2020-12-15,sh.601888,119.153576
2020-12-16,sh.601888,120.233914
2020-12-17,sh.601888,123.03297
2020-12-18,sh.601888,118.53702
2020-12-21,sh.601888,125.019044
2020-12-22,sh.601888,129.285831
2020-12-23,sh.601888,134.703887
2020-12-24,sh.601888,137.606612
2020-12-25,sh.601888,141.316862
2020-12-28,sh.601888,140.552987
2020-12-29,sh.601888,139.216206
2020-12-30,sh.601888,143.564836
2020-12-31,sh.601888,154.111767
2021-01-04,sh.601888,159.458891
2021-01-05,sh.601888,159.879022
2021-01-06,sh.601888,157.139985
2021-01-07,sh.601888,169.689359
2021-01-08,sh.601888,158.77686
2021-01-11,sh.601888,162.814485
2021-01-12,sh.601888,174.108921
2021-01-13,sh.601888,163.682028
2021-01-14,sh.601888,153.075079
2021-01-15,sh.601888,152.780442
2021-01-18,sh.601888,149.610361
2021-01-19,sh.601888,146.30933
2021-01-20,sh.601888,148.922873
2021-01-21,sh.601888,148.409986
2021-01-22,sh.601888,154.41186
2021-01-25,sh.601888,168.052484
2021-01-26,sh.601888,162.585322
2021-01-27,sh.601888,162.05061
2021-01-28,sh.601888,156.59436
2021-01-29,sh.601888,160.413735
2021-02-01,sh.601888,97.674863
2021-02-02,sh.601888,105.658028
2021-02-03,sh.601888,108.840441
2021-02-04,sh.601888,104.997286
2021-02-05,sh.601888,110.746058
2021-02-08,sh.601888,114.270014
2021-02-09,sh.601888,114.82542
2021-02-10,sh.601888,123.804485
2021-02-18,sh.601888,121.263662
2021-02-19,sh.601888,118.710071
2021-02-22,sh.601888,108.208427
2021-02-23,sh.601888,106.22301
2021-02-24,sh.601888,100.42955
2021-02-25,sh.601888,101.856369
2021-02-26,sh.601888,98.284533
2021-03-01,sh.601888,103.599195
2021-03-02,sh.601888,100.898772
2021-03-03,sh.601888,103.580043
2021-03-04,sh.601888,98.833555
2021-03-05,sh.601888,97.63656
2021-03-08,sh.601888,89.053301
2021-03-09,sh.601888,90.106657
2021-03-10,sh.601888,95.638374
2021-03-11,sh.601888,96.327844
2021-03-12,sh.601888,98.763332
2021-03-15,sh.601888,95.057432
2021-03-16,sh.601888,94.664818
2021-03-17,sh.601888,98.335605
2021-03-18,sh.601888,99.813496
2021-03-19,sh.601888,97.853615
2021-03-22,sh.601888,99.478337
2021-03-23,sh.601888,95.766054
2021-03-24,sh.601888,94.176443
2021-03-25,sh.601888,95.440471
2021-03-26,sh.601888,100.046511
2021-03-29,sh.601888,100.818973
2021-03-30,sh.601888,101.466946
2021-03-31,sh.601888,97.700399
2021-04-01,sh.601888,102.766086
2021-04-02,sh.601888,106.452833
2021-04-06,sh.601888,101.249891
2021-04-07,sh.601888,99.558137
2021-04-08,sh.601888,99.679432
2021-04-09,sh.601888,96.270388
2021-04-12,sh.601888,94.288163
2021-04-13,sh.601888,84.859028
2021-04-14,sh.601888,61.932403
2021-04-15,sh.601888,60.827848
2021-04-16,sh.601888,61.427402
2021-04-19,sh.601888,63.286234
2021-04-20,sh.601888,62.961744
2021-04-21,sh.601888,64.180192
2021-04-22,sh.601888,64.139047
2021-04-23,sh.601888,64.851944
2021-04-26,sh.601888,64.667761
2021-04-27,sh.601888,66.518259
2021-04-28,sh.601888,67.172651
2021-04-29,sh.601888,67.24199
2021-04-30,sh.601888,67.603856
2021-05-06,sh.601888,64.074041
2021-05-07,sh.601888,62.40556
2021-05-10,sh.601888,64.76527
2021-05-11,sh.601888,64.789105
2021-05-12,sh.601888,65.655849
2021-05-13,sh.601888,63.922361
2021-05-14,sh.601888,67.081643
2021-05-17,sh.601888,69.207332
2021-05-18,sh.601888,68.916973
2021-05-19,sh.601888,70.752303
2021-05-20,sh.601888,70.425107
2021-05-21,sh.601888,68.906139
2021-05-24,sh.601888,69.402349
2021-05-25,sh.601888,73.517216
2021-05-26,sh.601888,73.671063
2021-05-27,sh.601888,74.656984
2021-05-28,sh.601888,74.602813
2021-05-31,sh.601888,72.481457
2021-06-01,sh.601888,72.399116
2021-06-02,sh.601888,70.487946
2021-06-03,sh.601888,70.604957
2021-06-04,sh.601888,69.244169
2021-06-07,sh.601888,68.689453
2021-06-08,sh.601888,68.771793
2021-06-09,sh.601888,67.779372
2021-06-10,sh.601888,67.922384
2021-06-11,sh.601888,67.389337
2021-06-15,sh.601888,64.50308
2021-06-16,sh.601888,62.773926
2021-06-17,sh.601888,61.972188
2021-06-18,sh.601888,62.292883
2021-06-21,sh.601888,61.10111
2021-06-22,sh.601888,62.078364
2021-06-23,sh.601888,64.334065
2021-06-24,sh.601888,63.744679
2021-06-25,sh.601888,64.290727
2021-06-28,sh.601888,66.702442
2021-06-29,sh.601888,65.384992
2021-06-30,sh.601888,65.02746
2021-07-01,sh.601888,65.005791
2021-07-02,sh.601888,60.908259
2021-07-05,sh.601888,60.648236
2021-07-06,sh.601888,51.632932
2021-07-07,sh.601888,50.440697
2021-07-08,sh.601888,49.411707
2021-07-09,sh.601888,48.635837
2021-07-12,sh.601888,52.403299
2021-07-13,sh.601888,52.970069
2021-07-14,sh.601888,51.779668
2021-07-15,sh.601888,52.262065
2021-07-16,sh.601888,50.440697
2021-07-19,sh.601888,53.232361
2021-07-20,sh.601888,53.824809
2021-07-21,sh.601888,52.218044
2021-07-22,sh.601888,51.717305
2021-07-23,sh.601888,50.932265
2021-07-26,sh.601888,48.23598
2021-07-27,sh.601888,46.588862
2021-07-28,sh.601888,46.009253
2021-07-29,sh.601888,47.324379
2021-07-30,sh.601888,44.204393
2021-08-02,sh.601888,43.901749
2021-08-03,sh.601888,46.565018
2021-08-04,sh.601888,46.772283
2021-08-05,sh.601888,46.772283
2021-08-06,sh.601888,46.222021
2021-08-09,sh.601888,47.762755
2021-08-10,sh.601888,49.037529
2021-08-11,sh.601888,47.505966
2021-08-12,sh.601888,46.420115
2021-08-13,sh.601888,47.258348
2021-08-16,sh.601888,48.210301
2021-08-17,sh.601888,44.934407
2021-08-18,sh.601888,43.235931
2021-08-19,sh.601888,43.303797
2021-08-20,sh.601888,41.869447
2021-08-23,sh.601888,42.571948
2021-08-24,sh.601888,44.039314
2021-08-25,sh.601888,45.293912
2021-08-26,sh.601888,44.963755
2021-08-27,sh.601888,44.063159
2021-08-30,sh.601888,44.246665
2021-08-31,sh.601888,42.175662
2021-09-01,sh.601888,43.65363
2021-09-02,sh.601888,42.131323
2021-09-03,sh.601888,43.673952
2021-09-06,sh.601888,44.893276
2021-09-07,sh.601888,46.10521
2021-09-08,sh.601888,46.062718
2021-09-09,sh.601888,45.2757
2021-09-10,sh.601888,47.110228
2021-09-13,sh.601888,46.41743
2021-09-14,sh.601888,45.604548
2021-09-15,sh.601888,43.409766
2021-09-16,sh.601888,44.590293
2021-09-17,sh.601888,46.094125
2021-09-22,sh.601888,43.991716
2021-09-23,sh.601888,43.34141
2021-09-24,sh.601888,45.63226
2021-09-27,sh.601888,47.427991
2021-09-28,sh.601888,46.921787
2021-09-29,sh.601888,46.422973
2021-09-30,sh.601888,48.033958
2021-10-08,sh.601888,49.936842
2021-10-11,sh.601888,48.680569
2021-10-12,sh.601888,49.364129
2021-10-13,sh.601888,51.396335
2021-10-14,sh.601888,50.452283
2021-10-15,sh.601888,49.798282
2021-10-18,sh.601888,48.004398
2021-10-19,sh.601888,47.871381
2021-10-20,sh.601888,47.941585
2021-10-21,sh.601888,47.47972
2021-10-22,sh.601888,49.696672
2021-10-25,sh.601888,48.859772
2021-10-26,sh.601888,48.957688
2021-10-27,sh.601888,47.664466
2021-10-28,sh.601888,48.86162
2021-10-29,sh.601888,49.596909
2021-11-01,sh.601888,41.139437
2021-11-02,sh.601888,37.950241
2021-11-03,sh.601888,38.873116
2021-11-04,sh.601888,39.785774
2021-11-05,sh.601888,39.295391
2021-11-08,sh.601888,39.063821
2021-11-09,sh.601888,38.757331
2021-11-10,sh.601888,38.670492
2021-11-11,sh.601888,38.958252
2021-11-12,sh.601888,38.066026
2021-11-15,sh.601888,39.142146
2021-11-16,sh.601888,39.843667
2021-11-17,sh.601888,39.237498
2021-11-18,sh.601888,38.157973
2021-11-19,sh.601888,38.3623
2021-11-22,sh.601888,38.066026
2021-11-23,sh.601888,37.544994
2021-11-24,sh.601888,37.628427
2021-11-25,sh.601888,36.063627
2021-11-26,sh.601888,35.981896
2021-11-29,sh.601888,34.616314
2021-11-30,sh.601888,34.982399
2021-12-01,sh.601888,34.546503
2021-12-02,sh.601888,34.364311
2021-12-03,sh.601888,34.745721
2021-12-06,sh.601888,36.095978
2021-12-07,sh.601888,36.267953
2021-12-08,sh.601888,36.686823
2021-12-09,sh.601888,38.886738
2021-12-10,sh.601888,39.108092
2021-12-13,sh.601888,39.026361
2021-12-14,sh.601888,38.822034
2021-12-15,sh.601888,38.020053
2021-12-16,sh.601888,38.319732
2021-12-17,sh.601888,36.996718
2021-12-20,sh.601888,36.182817
2021-12-21,sh.601888,36.608497
2021-12-22,sh.601888,36.099384
2021-12-23,sh.601888,35.816732
2021-12-24,sh.601888,37.102286
2021-12-27,sh.601888,37.459858
2021-12-28,sh.601888,37.922998
2021-12-29,sh.601888,36.775364
2021-12-30,sh.601888,37.034178
2021-12-31,sh.601888,37.359397
2022-01-04,sh.601888,36.448442
2022-01-05,sh.601888,36.47228
2022-01-06,sh.601888,35.775867
2022-01-07,sh.601888,35.379133
2022-01-10,sh.601888,35.265051
2022-01-11,sh.601888,34.260445
2022-01-12,sh.601888,36.097681
2022-01-13,sh.601888,35.251429
2022-01-14,sh.601888,34.13785
2022-01-17,sh.601888,32.424912
2022-01-18,sh.601888,32.472589
2022-01-19,sh.601888,32.11672
2022-01-20,sh.601888,33.012351
2022-01-21,sh.601888,34.166796
2022-01-24,sh.601888,42.19663
2022-01-25,sh.601888,42.060249
2022-01-26,sh.601888,42.206808
2022-01-27,sh.601888,41.463838
2022-01-28,sh.601888,42.046
2022-02-07,sh.601888,42.911103
2022-02-08,sh.601888,42.823575
2022-02-09,sh.601888,43.275463
2022-02-10,sh.601888,45.595973
2022-02-11,sh.601888,45.887054
2022-02-14,sh.601888,46.30841
2022-02-15,sh.601888,45.359851
2022-02-16,sh.601888,45.636683
2022-02-17,sh.601888,44.889642
2022-02-18,sh.601888,45.056556
2022-02-21,sh.601888,43.875946
2022-02-22,sh.601888,42.909067
2022-02-23,sh.601888,42.927387
2022-02-24,sh.601888,41.522868
2022-02-25,sh.601888,42.770651
2022-02-28,sh.601888,41.219573
2022-03-01,sh.601888,42.390006
2022-03-02,sh.601888,41.219573
2022-03-03,sh.601888,40.358542
2022-03-04,sh.601888,41.005842
2022-03-07,sh.601888,38.325043
2022-03-08,sh.601888,38.573379
2022-03-09,sh.601888,38.233444
2022-03-10,sh.601888,38.017678
2022-03-11,sh.601888,37.983074
2022-03-14,sh.601888,34.80764
2022-03-15,sh.601888,32.568552
2022-03-16,sh.601888,34.604086
2022-03-17,sh.601888,35.72363
2022-03-18,sh.601888,35.917006
2022-03-21,sh.601888,35.204569
2022-03-22,sh.601888,34.634619
2022-03-23,sh.601888,34.422924
2022-03-24,sh.601888,33.916076
2022-03-25,sh.601888,33.148679
2022-03-28,sh.601888,32.466775
2022-03-29,sh.601888,31.774693
2022-03-30,sh.601888,34.034137
2022-03-31,sh.601888,33.45808
2022-04-01,sh.601888,35.471224
2022-04-06,sh.601888,33.403121
2022-04-07,sh.601888,33.576141
2022-04-08,sh.601888,33.480471
2022-04-11,sh.601888,31.776729
2022-04-12,sh.601888,34.954198
2022-04-13,sh.601888,35.011193
2022-04-14,sh.601888,36.961235
2022-04-15,sh.601888,37.095581
2022-04-18,sh.601888,36.818748
2022-04-19,sh.601888,36.360753
2022-04-20,sh.601888,37.099652
2022-04-21,sh.601888,35.654422
2022-04-22,sh.601888,36.024889
2022-04-25,sh.601888,36.154169
2022-04-26,sh.601888,37.514978
2022-04-27,sh.601888,38.3423
2022-04-28,sh.601888,37.840072
2022-04-29,sh.601888,37.925513
2022-05-05,sh.601888,37.456628
2022-05-06,sh.601888,34.111914
2022-05-09,sh.601888,33.342943
2022-05-10,sh.601888,34.582883
2022-05-11,sh.601888,36.812692
2022-05-12,sh.601888,35.833244
2022-05-13,sh.601888,36.052057
2022-05-16,sh.601888,36.327136
2022-05-17,sh.601888,36.452172
2022-05-18,sh.601888,35.499814
2022-05-19,sh.601888,34.968411
2022-05-20,sh.601888,36.625138
2022-05-23,sh.601888,34.753766
2022-05-24,sh.601888,34.259873
2022-05-25,sh.601888,34.520365
2022-05-26,sh.601888,33.978542
2022-05-27,sh.601888,34.37449
2022-05-30,sh.601888,35.843663
2022-05-31,sh.601888,36.823112
2022-06-01,sh.601888,36.660565
2022-06-02,sh.601888,36.550117
2022-06-06,sh.601888,37.712952
2022-06-07,sh.601888,38.511099
2022-06-08,sh.601888,39.919838
2022-06-09,sh.601888,38.948725
2022-06-10,sh.601888,39.125859
2022-06-13,sh.601888,37.158626
2022-06-14,sh.601888,37.721288
2022-06-15,sh.601888,37.923429
2022-06-16,sh.601888,37.927597
2022-06-17,sh.601888,39.676018
2022-06-20,sh.601888,41.053498
2022-06-21,sh.601888,41.143107
2022-06-22,sh.601888,40.074049
2022-06-23,sh.601888,41.574481
2022-06-24,sh.601888,41.912079
2022-06-27,sh.601888,44.679543
2022-06-28,sh.601888,46.446719
2022-06-29,sh.601888,45.648572
2022-06-30,sh.601888,48.541073
2022-07-01,sh.601888,46.911436
2022-07-04,sh.601888,47.121914
2022-07-05,sh.601888,46.036184
2022-07-06,sh.601888,43.656331
2022-07-07,sh.601888,43.63966
2022-07-08,sh.601888,44.173147
2022-07-11,sh.601888,43.21037
2022-07-12,sh.601888,42.416391
2022-07-13,sh.601888,42.845681
2022-07-14,sh.601888,43.658415
2022-07-15,sh.601888,42.587273
2022-07-18,sh.601888,43.049907
2022-07-19,sh.601888,43.554219
2022-07-20,sh.601888,44.794159
2022-07-21,sh.601888,43.543799
2022-07-22,sh.601888,44.72539
2022-07-25,sh.601888,45.765273
2022-07-26,sh.601888,45.638153
2022-07-27,sh.601888,44.769152
2022-07-28,sh.601888,52.171511
2022-07-29,sh.601888,49.78089
2022-08-01,sh.601888,50.207786
2022-08-02,sh.601888,48.91761
2022-08-03,sh.601888,47.444817
2022-08-04,sh.601888,47.539682
2022-08-05,sh.601888,47.172077
2022-08-08,sh.601888,44.964073
2022-08-09,sh.601888,46.83056
2022-08-10,sh.601888,46.484299
2022-08-11,sh.601888,47.715184
2022-08-12,sh.601888,46.403663
2022-08-15,sh.601888,46.187843
2022-08-16,sh.601888,45.104
2022-08-17,sh.601888,45.810751
2022-08-18,sh.601888,44.734023
2022-08-19,sh.601888,44.586981
2022-08-22,sh.601888,45.803636
2022-08-23,sh.601888,45.768061
2022-08-24,sh.601888,45.013877
2022-08-25,sh.601888,48.136964
2022-08-26,sh.601888,48.034609
2022-08-29,sh.601888,47.994665
2022-08-30,sh.601888,47.532818
2022-08-31,sh.601888,48.79441
2022-09-01,sh.601888,46.622997
2022-09-02,sh.601888,45.003172
2022-09-05,sh.601888,44.950758
2022-09-06,sh.601888,45.604678
2022-09-07,sh.601888,45.911671
2022-09-08,sh.601888,46.423326
2022-09-09,sh.601888,47.693728
2022-09-13,sh.601888,48.038159
2022-09-14,sh.601888,47.808539
2022-09-15,sh.601888,47.758621
2022-09-16,sh.601888,47.049792
2022-09-19,sh.601888,47.034816
2022-09-20,sh.601888,48.477434
2022-09-21,sh.601888,46.615437
2022-09-22,sh.601888,47.007375
2022-09-23,sh.601888,46.582776
2022-09-26,sh.601888,48.869078
2022-09-27,sh.601888,50.863939
2022-09-28,sh.601888,50.871476
2022-09-29,sh.601888,49.557481
2022-09-30,sh.601888,49.808723
2022-10-10,sh.601888,47.183244
2022-10-11,sh.601888,46.638049
2022-10-12,sh.601888,45.482336
2022-10-13,sh.601888,45.261243
2022-10-14,sh.601888,46.595338
2022-10-17,sh.601888,46.964664
2022-10-18,sh.601888,47.484735
2022-10-19,sh.601888,45.12306
2022-10-20,sh.601888,45.072812
2022-10-21,sh.601888,44.110555
2022-10-24,sh.601888,41.957411
2022-10-25,sh.601888,43.060363
2022-10-26,sh.601888,43.467375
2022-10-27,sh.601888,42.459895
2022-10-28,sh.601888,42.07047
2022-10-31,sh.601888,57.272895
2022-11-01,sh.601888,63.001613
2022-11-02,sh.601888,65.108809
2022-11-03,sh.601888,65.219527
2022-11-04,sh.601888,70.391088
2022-11-07,sh.601888,68.323177
2022-11-08,sh.601888,68.341035
2022-11-09,sh.601888,67.541015
2022-11-10,sh.601888,67.498156
2022-11-11,sh.601888,69.958934
2022-11-14,sh.601888,66.966
2022-11-15,sh.601888,68.216032
2022-11-16,sh.601888,69.358918
2022-11-17,sh.601888,68.926764
2022-11-18,sh.601888,68.144601
2022-11-21,sh.601888,65.901687
2022-11-22,sh.601888,65.448104
2022-11-23,sh.601888,64.701656
2022-11-24,sh.601888,63.965923
2022-11-25,sh.601888,63.808776
2022-11-28,sh.601888,65.665967
2022-11-29,sh.601888,69.633925
2022-11-30,sh.601888,70.530377
2022-12-01,sh.601888,72.859008
2022-12-02,sh.601888,71.216109
2022-12-05,sh.601888,73.187588
2022-12-06,sh.601888,75.00192
2022-12-07,sh.601888,76.573389
2022-12-08,sh.601888,76.609104
2022-12-09,sh.601888,76.155521
2022-12-12,sh.601888,77.062687
2022-12-13,sh.601888,76.337668
2022-12-14,sh.601888,78.159143
2022-12-15,sh.601888,78.466294
2022-12-16,sh.601888,79.180598
2022-12-19,sh.601888,77.859136
2022-12-20,sh.601888,76.144806
2022-12-21,sh.601888,76.819823
2022-12-22,sh.601888,78.944878
2022-12-23,sh.601888,79.762756
2022-12-26,sh.601888,77.912709
2022-12-27,sh.601888,77.934138
2022-12-28,sh.601888,78.144857
2022-12-29,sh.601888,77.198405
2022-12-30,sh.601888,77.155546
2023-01-03,sh.601888,76.466243
2023-01-04,sh.601888,76.826967
2023-01-05,sh.601888,80.680637
2023-01-06,sh.601888,80.24134
2023-01-09,sh.601888,80.602063
2023-01-10,sh.601888,82.852121
2023-01-11,sh.601888,81.644947
2023-01-12,sh.601888,80.366343
2023-01-13,sh.601888,81.609232
2023-01-16,sh.601888,83.144985
2023-01-17,sh.601888,82.49854
2023-01-18,sh.601888,81.894953
2023-01-19,sh.601888,82.730689
2023-01-20,sh.601888,82.323536
2023-01-30,sh.601888,77.676988
2023-01-31,sh.601888,75.823369
2023-02-01,sh.601888,76.019803
2023-02-02,sh.601888,76.866253
2023-02-03,sh.601888,75.344786
2023-02-06,sh.601888,84.879446
2023-02-07,sh.601888,84.632416
2023-02-08,sh.601888,84.11777
2023-02-09,sh.601888,84.685939
2023-02-10,sh.601888,84.163059
2023-02-13,sh.601888,85.637004
2023-02-14,sh.601888,84.587127
2023-02-15,sh.601888,82.549131
2023-02-16,sh.601888,84.064247
2023-02-17,sh.601888,82.5656
2023-02-20,sh.601888,84.80122
2023-02-21,sh.601888,83.78428
2023-02-22,sh.601888,82.5656
2023-02-23,sh.601888,82.339156
2023-02-24,sh.601888,81.318099
2023-02-27,sh.601888,81.235756
2023-02-28,sh.601888,81.346919
2023-03-01,sh.601888,81.046366
2023-03-02,sh.601888,80.498784
2023-03-03,sh.601888,80.72111
2023-03-06,sh.601888,79.020722
2023-03-07,sh.601888,77.649706
2023-03-08,sh.601888,77.258576
2023-03-09,sh.601888,75.957552
2023-03-10,sh.601888,74.821215
2023-03-13,sh.601888,76.912734
2023-03-14,sh.601888,76.723344
2023-03-15,sh.601888,75.323509
2023-03-16,sh.601888,75.862857
2023-03-17,sh.601888,76.291042
2023-03-20,sh.601888,75.208228
2023-03-21,sh.601888,77.402676
2023-03-22,sh.601888,76.039895
2023-03-23,sh.601888,75.986372
2023-03-24,sh.601888,76.710993
2023-03-27,sh.601888,76.064598
2023-03-28,sh.601888,75.183525
2023-03-29,sh.601888,75.154705
2023-03-30,sh.601888,77.184467
2023-03-31,sh.601888,75.361626
2023-04-03,sh.601888,75.834589
2023-04-04,sh.601888,73.223007
2023-04-06,sh.601888,72.721254
2023-04-07,sh.601888,74.777618
2023-04-10,sh.601888,73.967411
2023-04-11,sh.601888,73.728873
2023-04-12,sh.601888,72.384011
2023-04-13,sh.601888,72.651338
2023-04-14,sh.601888,71.882258
2023-04-17,sh.601888,73.95096
2023-04-18,sh.601888,74.152484
2023-04-19,sh.601888,72.778832
2023-04-20,sh.601888,70.327647
2023-04-21,sh.601888,68.752472
2023-04-24,sh.601888,67.403497
2023-04-25,sh.601888,66.605628
2023-04-26,sh.601888,66.626192
2023-04-27,sh.601888,66.461682
2023-04-28,sh.601888,69.854959
2023-05-04,sh.601888,66.531012
2023-05-05,sh.601888,66.34008
2023-05-08,sh.601888,65.029595
2023-05-09,sh.601888,64.053239
2023-05-10,sh.601888,62.911989
2023-05-11,sh.601888,62.508429
2023-05-12,sh.601888,60.620808
2023-05-15,sh.601888,61.61886
2023-05-16,sh.601888,60.221588
2023-05-17,sh.601888,59.206178
2023-05-18,sh.601888,58.095303
2023-05-19,sh.601888,58.650741
2023-05-22,sh.601888,60.260642
2023-05-23,sh.601888,59.236554
2023-05-24,sh.601888,57.934747
2023-05-25,sh.601888,57.019143
2023-05-26,sh.601888,56.715388
2023-05-29,sh.601888,55.300758
2023-05-30,sh.601888,55.456974
2023-05-31,sh.601888,53.417477
2023-06-01,sh.601888,52.484515
2023-06-02,sh.601888,53.291636
2023-06-05,sh.601888,51.877005
2023-06-06,sh.601888,51.078564
2023-06-07,sh.601888,50.588217
2023-06-08,sh.601888,51.022152
2023-06-09,sh.601888,50.683682
2023-06-12,sh.601888,52.076616
2023-06-13,sh.601888,52.419425
2023-06-14,sh.601888,52.562624
2023-06-15,sh.601888,56.411633
2023-06-16,sh.601888,56.481063
2023-06-19,sh.601888,55.240007
2023-06-20,sh.601888,54.797392
2023-06-21,sh.601888,53.005238
2023-06-26,sh.601888,50.961401
2023-06-27,sh.601888,50.635949
2023-06-28,sh.601888,50.245407
2023-06-29,sh.601888,48.119123
2023-06-30,sh.601888,47.962906
2023-07-03,sh.601888,50.002403
2023-07-04,sh.601888,50.02844
2023-07-05,sh.601888,48.956619
2023-07-06,sh.601888,48.171195
2023-07-07,sh.601888,47.585382
2023-07-10,sh.601888,49.068306
2023-07-11,sh.601888,48.362918
2023-07-12,sh.601888,48.479787
2023-07-13,sh.601888,49.711086
2023-07-14,sh.601888,48.855438
2023-07-17,sh.601888,48.166745
2023-07-18,sh.601888,47.795269
2023-07-19,sh.601888,47.6784
2023-07-20,sh.601888,47.227619
2023-07-21,sh.601888,47.465531
2023-07-24,sh.601888,46.442927
2023-07-25,sh.601888,49.33961
2023-07-26,sh.601888,49.377175
2023-07-27,sh.601888,50.499952
2023-07-28,sh.601888,52.578552
2023-07-31,sh.601888,52.495074
2023-08-01,sh.601888,51.606034
2023-08-02,sh.601888,51.313862
2023-08-03,sh.601888,51.810555
2023-08-04,sh.601888,52.532639
2023-08-07,sh.601888,52.156989
2023-08-08,sh.601888,51.693686
2023-08-09,sh.601888,51.535078
2023-08-10,sh.601888,51.180297
2023-08-11,sh.601888,50.295432
2023-08-14,sh.601888,49.368827
2023-08-15,sh.601888,48.458918
2023-08-16,sh.601888,48.755264
2023-08-17,sh.601888,50.099258
2023-08-18,sh.601888,47.619965
2023-08-21,sh.601888,48.417179
2023-08-22,sh.601888,47.202576
2023-08-23,sh.601888,46.054754
2023-08-24,sh.601888,46.726752
2023-08-25,sh.601888,44.856092
2023-08-28,sh.601888,45.807459
2023-08-29,sh.601888,46.796379
2023-08-30,sh.601888,46.48343
2023-08-31,sh.601888,45.44861
2023-09-01,sh.601888,45.628035
2023-09-04,sh.601888,48.369472
2023-09-05,sh.601888,47.776954
2023-09-06,sh.601888,47.151055
2023-09-07,sh.601888,45.999401
2023-09-08,sh.601888,45.231632
2023-09-11,sh.601888,45.995229
2023-09-12,sh.601888,45.481991
2023-09-13,sh.601888,44.864438
2023-09-14,sh.601888,44.000697
2023-09-15,sh.601888,44.255229
2023-09-18,sh.601888,46.641991
2023-09-19,sh.601888,45.765732
2023-09-20,sh.601888,45.732351
2023-09-21,sh.601888,44.20933
2023-09-22,sh.601888,45.607171
2023-09-25,sh.601888,44.947891
2023-09-26,sh.601888,44.576524
2023-09-27,sh.601888,44.856092
2023-09-28,sh.601888,44.217676
2023-10-09,sh.601888,37.086235
2023-10-10,sh.601888,37.259846
2023-10-11,sh.601888,37.023439
2023-10-12,sh.601888,37.330029
2023-10-13,sh.601888,35.896816
2023-10-16,sh.601888,35.047231
2023-10-17,sh.601888,35.435085
2023-10-18,sh.601888,34.814518
2023-10-19,sh.601888,34.289992
2023-10-20,sh.601888,34.116381
2023-10-23,sh.601888,33.27049
2023-10-24,sh.601888,33.31851
2023-10-25,sh.601888,33.322203
2023-10-26,sh.601888,33.104266
2023-10-27,sh.601888,34.637662
2023-10-30,sh.601888,35.198356
2023-10-31,sh.601888,34.895876
2023-11-01,sh.601888,34.615529
2023-11-02,sh.601888,34.206074
2023-11-03,sh.601888,34.888499
2023-11-06,sh.601888,35.482393
2023-11-07,sh.601888,35.268443
2023-11-08,sh.601888,35.522969
2023-11-09,sh.601888,35.404928
2023-11-10,sh.601888,34.822101
2023-11-13,sh.601888,35.087693
2023-11-14,sh.601888,35.131958
2023-11-15,sh.601888,35.467638
2023-11-16,sh.601888,34.807346
2023-11-17,sh.601888,34.519621
2023-11-20,sh.601888,34.844233
2023-11-21,sh.601888,35.054494
2023-11-22,sh.601888,34.405268
2023-11-23,sh.601888,34.615529
2023-11-24,sh.601888,33.936793
2023-11-27,sh.601888,33.527338
2023-11-28,sh.601888,33.567915
2023-11-29,sh.601888,33.014598
2023-11-30,sh.601888,32.88549
2023-12-01,sh.601888,32.424392
2023-12-04,sh.601888,31.944851
2023-12-05,sh.601888,30.985768
2023-12-06,sh.601888,31.162829
2023-12-07,sh.601888,30.572624
2023-12-08,sh.601888,30.358675
2023-12-11,sh.601888,
2023-12-12,sh.601888,30.299654
2023-12-13,sh.601888,29.104489
2023-12-14,sh.601888,28.956938
2023-12-15,sh.601888,28.842585
2023-12-18,sh.601888,28.204426
2023-12-19,sh.601888,28.363044
2023-12-20,sh.601888,27.972033
2023-12-21,sh.601888,29.418035
2023-12-22,sh.601888,29.178264
2023-12-25,sh.601888,29.366392
2023-12-26,sh.601888,29.086045
2023-12-27,sh.601888,28.908983
2023-12-28,sh.601888,31.362023
2023-12-29,sh.601888,30.871415
2024-01-02,sh.601888,29.731582
2024-01-03,sh.601888,29.668872
2024-01-04,sh.601888,28.993825
2024-01-05,sh.601888,28.410998
2024-01-08,sh.601888,27.813415
2024-01-09,sh.601888,24.709582
2024-01-10,sh.601888,25.165456
2024-01-11,sh.601888,25.279424
2024-01-12,sh.601888,24.891315
2024-01-15,sh.601888,25.334868
2024-01-16,sh.601888,25.381072
2024-01-17,sh.601888,24.333794
2024-01-18,sh.601888,25.873908
2024-01-19,sh.601888,25.876988
2024-01-22,sh.601888,25.248622
2024-01-23,sh.601888,24.996043
2024-01-24,sh.601888,25.236301
2024-01-25,sh.601888,26.767174
2024-01-26,sh.601888,26.372905
2024-01-29,sh.601888,26.157289
2024-01-30,sh.601888,25.334868
2024-01-31,sh.601888,24.583293
2024-02-01,sh.601888,24.934439
2024-02-02,sh.601888,24.185943
2024-02-05,sh.601888,23.985729
2024-02-06,sh.601888,25.473478
2024-02-07,sh.601888,25.873908
2024-02-08,sh.601888,26.012518
2024-02-19,sh.601888,26.271257
2024-02-20,sh.601888,26.03716
2024-02-21,sh.601888,26.754853
2024-02-22,sh.601888,26.955068
2024-02-23,sh.601888,26.976629
2024-02-26,sh.601888,26.379065
2024-02-27,sh.601888,26.548478
2024-02-28,sh.601888,26.252776
2024-02-29,sh.601888,26.828778
2024-03-01,sh.601888,26.690168
2024-03-04,sh.601888,26.221974
2024-03-05,sh.601888,26.181931
2024-03-06,sh.601888,26.135727
2024-03-07,sh.601888,25.350269
2024-03-08,sh.601888,25.063808
2024-03-11,sh.601888,26.148048
2024-03-12,sh.601888,26.98895
2024-03-13,sh.601888,26.902704
2024-03-14,sh.601888,27.1214
2024-03-15,sh.601888,27.521829
2024-03-18,sh.601888,27.623477
2024-03-19,sh.601888,26.951987
2024-03-20,sh.601888,26.961228
2024-03-21,sh.601888,26.659366
2024-03-22,sh.601888,25.969395
2024-03-25,sh.601888,26.123406
2024-03-26,sh.601888,26.200412
2024-03-27,sh.601888,25.621329
2024-03-28,sh.601888,26.556835
2024-03-29,sh.601888,26.322637
2024-04-01,sh.601888,26.963601
2024-04-02,sh.601888,26.405839
2024-04-03,sh.601888,26.039134
2024-04-08,sh.601888,25.228685
2024-04-09,sh.601888,25.243379
2024-04-10,sh.601888,24.326109
2024-04-11,sh.601888,24.082941
2024-04-12,sh.601888,23.387293
2024-04-15,sh.601888,23.802835
2024-04-16,sh.601888,23.347278
2024-04-17,sh.601888,23.753585
2024-04-18,sh.601888,23.519651
2024-04-19,sh.601888,22.269948
2024-04-22,sh.601888,22.328432
2024-04-23,sh.601888,22.076029
2024-04-24,sh.601888,22.257717
2024-04-25,sh.601888,22.146875
2024-04-26,sh.601888,22.86427
2024-04-29,sh.601888,23.529323
2024-04-30,sh.601888,23.061322
2024-05-06,sh.601888,23.480059
2024-05-07,sh.601888,23.313796
2024-05-08,sh.601888,22.587164
2024-05-09,sh.601888,22.901217
2024-05-10,sh.601888,22.793454
2024-05-13,sh.601888,22.621033
2024-05-14,sh.601888,22.685691
2024-05-15,sh.601888,22.608717
2024-05-16,sh.601888,22.719559
2024-05-17,sh.601888,23.550875
2024-05-20,sh.601888,24.083533
2024-05-21,sh.601888,23.834138
2024-05-22,sh.601888,24.018875
2024-05-23,sh.601888,23.341507
2024-05-24,sh.601888,22.679533
2024-05-27,sh.601888,22.602559
2024-05-28,sh.601888,22.316217
2024-05-29,sh.601888,22.399349
2024-05-30,sh.601888,21.980612
2024-05-31,sh.601888,21.860533
2024-06-03,sh.601888,21.697348
2024-06-04,sh.601888,22.602559
2024-06-05,sh.601888,22.581007
2024-06-06,sh.601888,22.294664
2024-06-07,sh.601888,22.353164
2024-06-11,sh.601888,21.875927
2024-06-12,sh.601888,21.931348
2024-06-13,sh.601888,21.798954
2024-06-14,sh.601888,21.330954
2024-06-17,sh.601888,21.177006
2024-06-18,sh.601888,21.334032
2024-06-19,sh.601888,20.78598
2024-06-20,sh.601888,20.124006
2024-06-21,sh.601888,19.908479
2024-06-24,sh.601888,19.853058
2024-06-25,sh.601888,19.397374
2024-06-26,sh.601888,19.831506
2024-06-27,sh.601888,19.381979
2024-06-28,sh.601888,19.240348
2024-07-01,sh.601888,19.243427
2024-07-02,sh.601888,19.030979
2024-07-03,sh.601888,20.93069
2024-07-04,sh.601888,19.93619
2024-07-05,sh.601888,20.237927
2024-07-08,sh.601888,19.428164
2024-07-09,sh.601888,19.443558
2024-07-10,sh.601888,19.505137
2024-07-11,sh.601888,20.730559
2024-07-12,sh.601888,20.859874
2024-07-15,sh.601888,22.549468
2024-07-16,sh.601888,22.748394
2024-07-17,sh.601888,23.77337
2024-07-18,sh.601888,23.658735
2024-07-19,sh.601888,23.544099
2024-07-22,sh.601888,23.156362
2024-07-23,sh.601888,22.498894
2024-07-24,sh.601888,21.979663
2024-07-25,sh.601888,22.505637
2024-07-26,sh.601888,22.630387
2024-07-29,sh.601888,21.878514
2024-07-30,sh.601888,21.895372
2024-07-31,sh.601888,23.13276
2024-08-01,sh.601888,22.65736
2024-08-02,sh.601888,22.455063
2024-08-05,sh.601888,22.397745
2024-08-06,sh.601888,22.940577
2024-08-07,sh.601888,22.465177
2024-08-08,sh.601888,22.259508
2024-08-09,sh.601888,21.858284
2024-08-12,sh.601888,21.56158
2024-08-13,sh.601888,21.635756
2024-08-14,sh.601888,21.322194
2024-08-15,sh.601888,21.544722
2024-08-16,sh.601888,21.406485
2024-08-19,sh.601888,21.376141
2024-08-20,sh.601888,20.964802
2024-08-21,sh.601888,20.681585
2024-08-22,sh.601888,20.32082
2024-08-23,sh.601888,20.550091
2024-08-26,sh.601888,20.499517
2024-08-27,sh.601888,20.121894
2024-08-28,sh.601888,20.368023
2024-08-29,sh.601888,20.054461
2024-08-30,sh.601888,20.570321
2024-09-02,sh.601888,19.8855
2024-09-03,sh.601888,19.956363
2024-09-04,sh.601888,19.757272
2024-09-05,sh.601888,19.818012
2024-09-06,sh.601888,19.173496
2024-09-09,sh.601888,18.758442
2024-09-10,sh.601888,18.586346
2024-09-11,sh.601888,18.62009
2024-09-12,sh.601888,18.488488
2024-09-13,sh.601888,18.50536
2024-09-18,sh.601888,18.140922
2024-09-19,sh.601888,18.606593
2024-09-20,sh.601888,18.326515
2024-09-23,sh.601888,18.323141
2024-09-24,sh.601888,19.342218
2024-09-25,sh.601888,19.575053
2024-09-26,sh.601888,21.532221
2024-09-27,sh.601888,23.681731
2024-09-30,sh.601888,26.050579
2024-10-08,sh.601888,28.645514
2024-10-09,sh.601888,25.780625
2024-10-10,sh.601888,25.156356
2024-10-11,sh.601888,24.171023
2024-10-14,sh.601888,24.079914
2024-10-15,sh.601888,23.293672
2024-10-16,sh.601888,25.194034
2024-10-17,sh.601888,24.942474
2024-10-18,sh.601888,25.925842
2024-10-21,sh.601888,25.990638
2024-10-22,sh.601888,26.35273
2024-10-23,sh.601888,26.489945
2024-10-24,sh.601888,25.841989
2024-10-25,sh.601888,26.295558
2024-10-28,sh.601888,26.794865
2024-10-29,sh.601888,26.234574
2024-10-30,sh.601888,25.880104
2024-10-31,sh.601888,25.859053
2024-11-01,sh.601888,26.045858
2024-11-04,sh.601888,26.766389
2024-11-05,sh.601888,27.791906
2024-11-06,sh.601888,27.696598
2024-11-07,sh.601888,29.324464
2024-11-08,sh.601888,28.897483
2024-11-11,sh.601888,28.375193
2024-11-12,sh.601888,28.287509
2024-11-13,sh.601888,28.27226
2024-11-14,sh.601888,27.483107
2024-11-15,sh.601888,26.960818
2024-11-18,sh.601888,26.598646
2024-11-19,sh.601888,26.804512
2024-11-20,sh.601888,26.838823
2024-11-21,sh.601888,26.690142
2024-11-22,sh.601888,25.695123
2024-11-25,sh.601888,25.923863
2024-11-26,sh.601888,25.862866
2024-11-27,sh.601888,26.183102
2024-11-28,sh.601888,26.030608
2024-11-29,sh.601888,26.514775
2024-12-02,sh.601888,27.685161
2024-12-03,sh.601888,27.30774
2024-12-04,sh.601888,26.713016
2024-12-05,sh.601888,26.648206
2024-12-06,sh.601888,26.89982
2024-12-09,sh.601888,26.415654
2024-12-10,sh.601888,26.934131
2024-12-11,sh.601888,27.391611
2024-12-12,sh.601888,28.138828
2024-12-13,sh.601888,27.181933
2024-12-16,sh.601888,27.37255
2024-12-17,sh.601888,27.056126
2024-12-18,sh.601888,26.926507
2024-12-19,sh.601888,26.697767
2024-12-20,sh.601888,26.465214
2024-12-23,sh.601888,26.190726
2024-12-24,sh.601888,26.469027
2024-12-25,sh.601888,26.381343
2024-12-26,sh.601888,26.331783
2024-12-27,sh.601888,26.259348
2024-12-30,sh.601888,26.022984
2024-12-31,sh.601888,25.546442
2025-01-02,sh.601888,24.665793
2025-01-03,sh.601888,23.952887
2025-01-06,sh.601888,23.842329
2025-01-07,sh.601888,23.815643
2025-01-08,sh.601888,23.556404
2025-01-09,sh.601888,23.259042
2025-01-10,sh.601888,22.866372
2025-01-13,sh.601888,22.938807
2025-01-14,sh.601888,23.586903
2025-01-15,sh.601888,23.365788
2025-01-16,sh.601888,23.48397
2025-01-17,sh.601888,29.613561
2025-01-20,sh.601888,30.030927
2025-01-21,sh.601888,29.861069
2025-01-22,sh.601888,29.302963
2025-01-23,sh.601888,29.370907
2025-01-24,sh.601888,29.725182
2025-01-27,sh.601888,29.458262
2025-02-05,sh.601888,29.225314
2025-02-06,sh.601888,29.579589
2025-02-07,sh.601888,29.914453
2025-02-10,sh.601888,30.113429
2025-02-11,sh.601888,29.589296
2025-02-12,sh.601888,29.836803
2025-02-13,sh.601888,30.084311
2025-02-14,sh.601888,30.132842
2025-02-17,sh.601888,29.967837
2025-02-18,sh.601888,29.268992
2025-02-19,sh.601888,29.535912
2025-02-20,sh.601888,29.346641
2025-02-21,sh.601888,29.62812
2025-02-24,sh.601888,29.467968
2025-02-25,sh.601888,29.142811
2025-02-26,sh.601888,29.623267
2025-02-27,sh.601888,30.414321
2025-02-28,sh.601888,29.686357
2025-03-03,sh.601888,29.657239
2025-03-04,sh.601888,29.666945
2025-03-05,sh.601888,29.715476
2025-03-06,sh.601888,30.254169
2025-03-07,sh.601888,30.050339
2025-03-10,sh.601888,29.734888
2025-03-11,sh.601888,30.186226
2025-03-12,sh.601888,29.953277
2025-03-13,sh.601888,30.147401
2025-03-14,sh.601888,31.098607
2025-03-17,sh.601888,31.118019
2025-03-18,sh.601888,30.860805
2025-03-19,sh.601888,30.739478
2025-03-20,sh.601888,30.438587
2025-03-21,sh.601888,30.001808
2025-03-24,sh.601888,30.09887
2025-03-25,sh.601888,30.16196
2025-03-26,sh.601888,30.273581
2025-03-27,sh.601888,30.278435
2025-03-28,sh.601888,29.899893
2025-03-31,sh.601888,29.187264
2025-04-01,sh.601888,29.298777
2025-04-02,sh.601888,29.293928
2025-04-03,sh.601888,29.381199
2025-04-07,sh.601888,27.427301
2025-04-08,sh.601888,29.473318
2025-04-09,sh.601888,32.421135
2025-04-10,sh.601888,34.040495
2025-04-11,sh.601888,32.94476
2025-04-14,sh.601888,32.959306
2025-04-15,sh.601888,31.844178
2025-04-16,sh.601888,32.678099
2025-04-17,sh.601888,32.009023
2025-04-18,sh.601888,31.451459
2025-04-21,sh.601888,31.344794
2025-04-22,sh.601888,31.184798
2025-04-23,sh.601888,30.525418
2025-04-24,sh.601888,30.379966
2025-04-25,sh.601888,30.544811
2025-04-28,sh.601888,30.569053
2025-04-29,sh.601888,30.215121
2025-04-30,sh.601888,33.645067
2025-05-06,sh.601888,33.729976
2025-05-07,sh.601888,33.645067
2025-05-08,sh.601888,33.576079
2025-05-09,sh.601888,33.284205
2025-05-12,sh.601888,33.204603
2025-05-13,sh.601888,33.172762
2025-05-14,sh.601888,33.20991
2025-05-15,sh.601888,32.758833
2025-05-16,sh.601888,33.363807
2025-05-19,sh.601888,32.838435
2025-05-20,sh.601888,32.854355
2025-05-21,sh.601888,32.849048
2025-05-22,sh.601888,32.4988
2025-05-23,sh.601888,32.307755
2025-05-26,sh.601888,32.451039
2025-05-27,sh.601888,32.466959
2025-05-28,sh.601888,32.493493
2025-05-29,sh.601888,32.705765
2025-05-30,sh.601888,32.153858
2025-06-03,sh.601888,32.328982
2025-06-04,sh.601888,32.711071
2025-06-05,sh.601888,32.557174
2025-06-06,sh.601888,32.695151
2025-06-09,sh.601888,32.721685
2025-06-10,sh.601888,32.456345
2025-06-11,sh.601888,32.573095
2025-06-12,sh.601888,32.466959
2025-06-13,sh.601888,32.053029
2025-06-16,sh.601888,32.079563
2025-06-17,sh.601888,32.175085
2025-06-18,sh.601888,32.191006
2025-06-19,sh.601888,32.270608
2025-06-20,sh.601888,31.93628
2025-06-23,sh.601888,31.68686
2025-06-24,sh.601888,32.307755
2025-06-25,sh.601888,32.530641
2025-06-26,sh.601888,32.424505
2025-06-27,sh.601888,32.153858
2025-06-30,sh.601888,32.355516
2025-07-01,sh.601888,32.164472
2025-07-02,sh.601888,32.201619
2025-07-03,sh.601888,32.228153
2025-07-04,sh.601888,32.387357
2025-07-07,sh.601888,32.265301
2025-07-08,sh.601888,32.551868
2025-07-09,sh.601888,32.466959
2025-07-10,sh.601888,32.827821
2025-07-11,sh.601888,33.034786
2025-07-14,sh.601888,32.689844
2025-07-15,sh.601888,32.413891
2025-07-16,sh.601888,32.451039
2025-07-17,sh.601888,32.716378
2025-07-18,sh.601888,33.310739
2025-07-21,sh.601888,33.846725
2025-07-22,sh.601888,34.722346
2025-07-23,sh.601888,34.175746
2025-07-24,sh.601888,37.593321
2025-07-25,sh.601888,36.112726
2025-07-28,sh.601888,38.312332
2025-07-29,sh.601888,38.231516
2025-07-30,sh.601888,38.260379
2025-07-31,sh.601888,37.498404
2025-08-01,sh.601888,37.28482
2025-08-04,sh.601888,37.30791
2025-08-05,sh.601888,37.452224
2025-08-06,sh.601888,37.440679
2025-08-07,sh.601888,37.457996
2025-08-08,sh.601888,37.544584
2025-08-11,sh.601888,37.890937
2025-08-12,sh.601888,37.896709
2025-08-13,sh.601888,37.885164
2025-08-14,sh.601888,37.192459
2025-08-15,sh.601888,37.325228
2025-08-18,sh.601888,37.758168
2025-08-19,sh.601888,37.942889
2025-08-20,sh.601888,38.473963
2025-08-21,sh.601888,38.751045
2025-08-22,sh.601888,38.953083
2025-08-25,sh.601888,39.96905
2025-08-26,sh.601888,41.221691
2025-08-27,sh.601888,39.65156
2025-08-28,sh.601888,39.784329
2025-08-29,sh.601888,39.997912
2025-09-01,sh.601888,40.009457
2025-09-02,sh.601888,39.709286
2025-09-03,sh.601888,38.935766
2025-09-04,sh.601888,39.108942
2025-09-05,sh.601888,40.690617
2025-09-08,sh.601888,41.273643
2025-09-09,sh.601888,40.996561
2025-09-10,sh.601888,40.800295
2025-09-11,sh.601888,41.187055
2025-09-12,sh.601888,40.638664
2025-09-15,sh.601888,40.373127
2025-09-16,sh.601888,41.296733
2025-09-17,sh.601888,41.071604
2025-09-18,sh.601888,41.377549
2025-09-19,sh.601888,42.69946
2025-09-22,sh.601888,42.162614
2025-09-23,sh.601888,40.413535
2025-09-24,sh.601888,40.557849
2025-09-25,sh.601888,40.494351
2025-09-26,sh.601888,40.523213
2025-09-29,sh.601888,40.81184
2025-09-30,sh.601888,41.314051
2025-10-09,sh.601888,40.211496
2025-10-10,sh.601888,39.599607
2025-10-13,sh.601888,39.293663
2025-10-14,sh.601888,39.518792
2025-10-15,sh.601888,40.113363
2025-10-16,sh.601888,40.384672
2025-10-17,sh.601888,40.419308
2025-10-20,sh.601888,40.592484
2025-10-21,sh.601888,40.817613
2025-10-22,sh.601888,40.217269
2025-10-23,sh.601888,40.465488
2025-10-24,sh.601888,40.707935
2025-10-27,sh.601888,40.367355
2025-10-28,sh.601888,40.096046
2025-10-29,sh.601888,41.1986
2025-10-30,sh.601888,42.197249
2025-10-31,sh.601888,46.290742
2025-11-03,sh.601888,46.655859
2025-11-04,sh.601888,45.913454
2025-11-05,sh.601888,47.22179
2025-11-06,sh.601888,45.846516
2025-11-07,sh.601888,48.067644
2025-11-10,sh.601888,52.875017
2025-11-11,sh.601888,55.09006
2025-11-12,sh.601888,54.286803
2025-11-13,sh.601888,55.083974
2025-11-14,sh.601888,53.720871
2025-11-17,sh.601888,53.428778
2025-11-18,sh.601888,51.74924
2025-11-19,sh.601888,50.142725
2025-11-20,sh.601888,49.735011
2025-11-21,sh.601888,48.104156
2025-11-24,sh.601888,47.787721
2025-11-25,sh.601888,48.493614
2025-11-26,sh.601888,48.889157
