日期,股票代码,股票名称,5年均值回归的市盈率,10年均值回归的市盈率,最新市盈率,预估每股净利润增长率(%),PEG,5年均值PE回归的收益率(%),10年均值PE回归的收益率(%),最新市净率,5年均值回归的市净率,10年均值回归的市净率,报告信息
2025/11/28,600150,中国船舶,187,130.8,38.3,42.26%,0.9,214.21%,162.76%,1.83,2.56,2.26,"诚通证券  2025-10-31  30.6  21.9  14.4  0.4577379737113252  https://pdf.dfcfw.com/pdf/H3_AP202510311772551806_1.pdf
东吴证券  2025-10-31  29.72  20.14  15.44  0.3873970110682967  https://pdf.dfcfw.com/pdf/H3_AP202510311772233909_1.pdf"
2025/11/28,601816,京沪高铁,88.3,80.3,19.1,4.46%,4.3,124.72%,114.35%,1.22,1.34,1.41,"国金证券  2025-11-02  22.13  21.22  20.42  0.04102902455724888  https://pdf.dfcfw.com/pdf/H3_AP202511021773633129_1.pdf
信达证券  2025-10-31  19.65  18.69  17.76  0.0518644964627899  https://pdf.dfcfw.com/pdf/H3_AP202510311772558223_1.pdf
国金证券  2025-10-31  22.13  21.22  20.42  0.04102902455724888  https://pdf.dfcfw.com/pdf/H3_AP202510311772517724_1.pdf"
2025/11/28,601628,中国人寿,25,26.5,7.2,3.22%,2.2,91.91%,97.49%,1.97,2.01,2.17,"华源证券  2025-11-06  7.01  7.91  6.53  0.03610177650222024  https://pdf.dfcfw.com/pdf/H3_AP202511061776095251_1.pdf
国信证券  2025-11-04  7.01  6.81  6.61  0.029812785006764653  https://pdf.dfcfw.com/pdf/H3_AP202511041774883965_1.pdf
东吴证券  2025-11-01  7.12  7.04  6.69  0.03163706669022304  https://pdf.dfcfw.com/pdf/H3_AP202511011772785609_1.pdf
东吴证券  2025-10-20  6.54  6.48  6.15  0.031219973694430303  https://pdf.dfcfw.com/pdf/H3_AP202510201765467140_1.pdf"
2025/11/28,603259,药明康德,46.2,54.7,18.1,13.53%,1.3,81.10%,97.16%,3.84,5.97,7.23,"中国银河  2025-10-28  18.53  18.95  15.59  0.09022127324281004  https://pdf.dfcfw.com/pdf/H3_AP202510281770692778_1.pdf
信达证券  2025-10-28  21.34  22.58  19.55  0.044777537230672904  https://pdf.dfcfw.com/pdf/H3_AP202510281770424530_1.pdf
浦银国际证券  2025-10-28  19.0  16.6  14.6  0.14077599160119902  https://pdf.dfcfw.com/pdf/H3_AP202510281770682592_1.pdf
招银国际  2025-10-09  24.7  21.0  18.0  0.17141889272037192  https://pdf.dfcfw.com/pdf/H3_AP202510091758876420_1.pdf
浦银国际证券  2025-10-07  18.1  16.0  13.6  0.15363874455618753  https://pdf.dfcfw.com/pdf/H3_AP202510061757270907_1.pdf
华金证券  2025-09-28  24.2  20.0  16.5  0.21106014163899656  https://pdf.dfcfw.com/pdf/H3_AP202509281752233237_1.pdf"
2025/11/28,601600,中国铝业,29.4,73.4,12.6,9.13%,1.4,66.41%,162.97%,2.46,1.78,1.73,"太平洋  2025-11-09  11.92  10.83  9.85  0.10006921794219803  https://pdf.dfcfw.com/pdf/H3_AP202511091778040571_1.pdf
国信证券  2025-10-31  11.5  10.3  9.7  0.08883745816778288  https://pdf.dfcfw.com/pdf/H3_AP202510311772528034_1.pdf
民生证券  2025-10-30  12.0  10.0  10.0  0.09544511501033215  https://pdf.dfcfw.com/pdf/H3_AP202510301771866463_1.pdf
国金证券  2025-10-28  10.89  9.97  9.32  0.08095094043269047  https://pdf.dfcfw.com/pdf/H3_AP202510281770469596_1.pdf"
2025/11/28,600809,山西汾酒,45.6,43.8,19.3,7.68%,2.5,65.56%,62.32%,6.11,16.08,12.2,"西南证券  2025-11-06  19.31  18.31  16.75  0.07370192367133366  https://pdf.dfcfw.com/pdf/H3_AP202511061776242001_1.pdf
山西证券  2025-11-05  18.9  18.0  17.0  0.05440253503221082  https://pdf.dfcfw.com/pdf/H3_AP202511041775199216_1.pdf
华鑫证券  2025-11-04  19.4  18.3  16.7  0.07781104406411932  https://pdf.dfcfw.com/pdf/H3_AP202511041774827306_1.pdf
国信证券  2025-11-03  19.3  18.4  16.5  0.08152529776097683  https://pdf.dfcfw.com/pdf/H3_AP202511031774376071_1.pdf
群益证券  2025-11-03  18.0  17.0  15.0  0.09544511501033215  https://pdf.dfcfw.com/pdf/H3_AP202511031774262141_1.pdf
太平洋  2025-11-03  18.99  17.71  16.34  0.07804392423053863  https://pdf.dfcfw.com/pdf/H3_AP202511031774192757_1.pdf
海通国际  2025-11-03  18.91  18.35  17.52  0.03891188247289734  https://pdf.dfcfw.com/pdf/H3_AP202511031774463967_1.pdf
华安证券  2025-11-02  19.65  18.73  17.15  0.07040767689333527  https://pdf.dfcfw.com/pdf/H3_AP202511021773946017_1.pdf
民生证券  2025-11-02  19.0  18.0  16.0  0.0897247358851685  https://pdf.dfcfw.com/pdf/H3_AP202511021773856357_1.pdf
东吴证券  2025-11-01  19.37  18.44  16.75  0.07536873231825059  https://pdf.dfcfw.com/pdf/H3_AP202511011772797504_1.pdf
国金证券  2025-10-31  18.7  17.5  15.2  0.10917228503724208  https://pdf.dfcfw.com/pdf/H3_AP202510311772414438_1.pdf"
2025/11/28,603501,豪威集团,55.3,529.3,34.7,23.20%,1.5,55.37%,380.84%,5.26,9.85,12.36,"华安证券  2025-11-13  33.24  26.07  21.13  0.25424032324448786  https://pdf.dfcfw.com/pdf/H3_AP202511131780556920_1.pdf
中邮证券  2025-11-12  33.9  26.95  21.33  0.2606787179202952  https://pdf.dfcfw.com/pdf/H3_AP202511121779987369_1.pdf
国信证券  2025-11-05  34.6  27.1  22.1  0.25124372515050264  https://pdf.dfcfw.com/pdf/H3_AP202511051775482889_1.pdf
华龙证券  2025-11-04  36.2  30.1  26.6  0.16657715374470516  https://pdf.dfcfw.com/pdf/H3_AP202511041774803716_1.pdf
国元证券  2025-10-30  37.02  29.53  24.57  0.22748340384524424  https://pdf.dfcfw.com/pdf/H3_AP202510301771911360_1.pdf"
2025/11/28,688111,金山办公,117.2,143.6,80.8,20.24%,4,44.78%,60.24%,11.89,15.69,19.13,"华安证券  2025-11-05  84.88  69.55  56.6  0.22460060554841332  https://pdf.dfcfw.com/pdf/H3_AP202511051775455797_1.pdf
太平洋  2025-11-03  83.89  69.5  59.96  0.18283532226583987  https://pdf.dfcfw.com/pdf/H3_AP202511031774416361_1.pdf
中邮证券  2025-10-30  83.24  69.93  57.89  0.1991244574695492  https://pdf.dfcfw.com/pdf/H3_AP202510301771999162_1.pdf
山西证券  2025-10-30  83.6  69.4  58.2  0.19850995692087925  https://pdf.dfcfw.com/pdf/H3_AP202510301771879656_1.pdf
民生证券  2025-10-30  82.0  65.0  54.0  0.23228183404549085  https://pdf.dfcfw.com/pdf/H3_AP202510301771775223_1.pdf
国元证券  2025-10-29  86.33  73.81  64.55  0.15646567534424438  https://pdf.dfcfw.com/pdf/H3_AP202510291771334911_1.pdf
国信证券  2025-10-29  82.2  67.3  54.9  0.22362893050256116  https://pdf.dfcfw.com/pdf/H3_AP202510291771122749_1.pdf
东兴证券  2025-10-29  86.04  70.11  55.49  0.24521068441662952  https://pdf.dfcfw.com/pdf/H3_AP202510291771122741_1.pdf
开源证券  2025-10-28  73.5  61.5  50.8  0.20285094409107374  https://pdf.dfcfw.com/pdf/H3_AP202510281770602473_1.pdf
群益证券  2025-10-13  79.0  67.0  54.0  0.20953005872651342  https://pdf.dfcfw.com/pdf/H3_AP202510131761348793_1.pdf
西南证券  2025-09-16  78.17  67.23  57.67  0.16424687332013943  https://pdf.dfcfw.com/pdf/H3_AP202509161744846215_1.pdf
海通国际  2025-09-10  81.74  69.08  55.79  0.21042848667234848  https://pdf.dfcfw.com/pdf/H3_AP202509101740988535_1.pdf
东莞证券  2025-09-01  87.0  72.0  59.0  0.214321321226981  https://pdf.dfcfw.com/pdf/H3_AP202509011737740268_1.pdf
国元证券  2025-09-01  91.05  79.72  71.52  0.12830424522761485  https://pdf.dfcfw.com/pdf/H3_AP202509011737682648_1.pdf
东兴证券  2025-08-28  84.03  69.13  55.18  0.23403175010834398  https://pdf.dfcfw.com/pdf/H3_AP202508281735851491_1.pdf
信达证券  2025-08-27  79.11  67.29  56.38  0.18454934381172827  https://pdf.dfcfw.com/pdf/H3_AP202508271735367884_1.pdf
民生证券  2025-08-26  79.0  62.0  52.0  0.23257079684323578  https://pdf.dfcfw.com/pdf/H3_AP202508261734611943_1.pdf
太平洋  2025-08-25  79.23  66.43  56.63  0.18282786523868144  https://pdf.dfcfw.com/pdf/H3_AP202508251734313547_1.pdf
山西证券  2025-08-25  85.1  72.3  60.8  0.1830769428196879  https://pdf.dfcfw.com/pdf/H3_AP202508251734168008_1.pdf
中国银河  2025-08-25  78.8  65.83  49.95  0.2560165514743735  https://pdf.dfcfw.com/pdf/H3_AP202508251734127425_1.pdf
国信证券  2025-08-22  73.4  60.1  49.0  0.22391142803450848  https://pdf.dfcfw.com/pdf/H3_AP202508221732165328_1.pdf
开源证券  2025-08-21  74.2  63.7  54.9  0.1625610820860366  https://pdf.dfcfw.com/pdf/H3_AP202508211731630898_1.pdf"
2025/11/28,603993,洛阳钼业,26.2,43.1,17.8,19.06%,0.9,44.61%,85.48%,4.47,2.8,3.09,"中邮证券  2025-10-31  18.62  14.67  11.9  0.2508820417421225  https://pdf.dfcfw.com/pdf/H3_AP202510311772625013_1.pdf
华源证券  2025-10-31  18.66  14.94  13.3  0.1844861834555067  https://pdf.dfcfw.com/pdf/H3_AP202510311772600457_1.pdf
国信证券  2025-10-31  19.2  16.5  15.7  0.10586162620181927  https://pdf.dfcfw.com/pdf/H3_AP202510311772528037_1.pdf
东吴证券  2025-10-29  19.06  14.06  12.05  0.2576735421361187  https://pdf.dfcfw.com/pdf/H3_AP202510291771110308_1.pdf
中国银河  2025-10-28  18.49  15.23  14.34  0.13551762599266937  https://pdf.dfcfw.com/pdf/H3_AP202510281770694676_1.pdf
民生证券  2025-10-27  19.0  15.0  13.0  0.20894104965397764  https://pdf.dfcfw.com/pdf/H3_AP202510271770189351_1.pdf"
2025/11/28,688008,澜起科技,78.2,82.3,65.7,29.77%,2.2,41.63%,45.30%,11.07,8.02,9.37,"太平洋  2025-11-09  68.72  49.71  39.08  0.32606342872080907  https://pdf.dfcfw.com/pdf/H3_AP202511091778040576_1.pdf
中银证券  2025-11-07  68.5  54.8  44.1  0.24630974555260954  https://pdf.dfcfw.com/pdf/H3_AP202511071776760447_1.pdf
群益证券  2025-11-06  66.23  50.03  39.49  0.29504187249166214  https://pdf.dfcfw.com/pdf/H3_AP202511061776269590_1.pdf
中国银河  2025-11-05  70.3  51.53  40.48  0.3178239939579881  https://pdf.dfcfw.com/pdf/H3_AP202511051775439531_1.pdf
国信证券  2025-11-03  76.6  62.0  51.5  0.2195813383193017  https://pdf.dfcfw.com/pdf/H3_AP202511031774262094_1.pdf
华安证券  2025-11-02  72.13  45.76  39.44  0.35235126922529036  https://pdf.dfcfw.com/pdf/H3_AP202511021773804236_1.pdf
国元证券  2025-11-01  77.74  54.76  44.17  0.3266567422813693  https://pdf.dfcfw.com/pdf/H3_AP202511011773273776_1.pdf"
2025/11/28,600519,贵州茅台,35.4,33.2,20.2,6.28%,3.2,40.75%,36.25%,7.07,10.87,9.92,"东莞证券  2025-11-06  19.61  18.51  17.33  0.06374985887753404  https://pdf.dfcfw.com/pdf/H3_AP202511061776269653_1.pdf
中邮证券  2025-11-05  19.83  18.75  17.5  0.06449183047257678  https://pdf.dfcfw.com/pdf/H3_AP202511051775482877_1.pdf
山西证券  2025-11-05  19.8  18.4  17.0  0.07921540127675208  https://pdf.dfcfw.com/pdf/H3_AP202511051775448346_1.pdf
东兴证券  2025-11-05  19.94  18.97  17.95  0.05397509920742616  https://pdf.dfcfw.com/pdf/H3_AP202511051775664554_1.pdf
华鑫证券  2025-11-05  19.7  18.5  17.4  0.0640413093700718  https://pdf.dfcfw.com/pdf/H3_AP202511051775482920_1.pdf
西南证券  2025-11-04  19.77  18.24  16.87  0.08254458846306645  https://pdf.dfcfw.com/pdf/H3_AP202511041774862334_1.pdf
开源证券  2025-11-03  19.6  18.4  17.4  0.06133726101046477  https://pdf.dfcfw.com/pdf/H3_AP202511031774433107_1.pdf
华安证券  2025-11-02  19.82  18.89  17.69  0.05849280092495146  https://pdf.dfcfw.com/pdf/H3_AP202511021773747364_1.pdf
太平洋  2025-11-02  19.64  18.61  17.72  0.05278304719895921  https://pdf.dfcfw.com/pdf/H3_AP202511021773734683_1.pdf
民生证券  2025-10-31  20.0  19.0  18.0  0.05409255338945984  https://pdf.dfcfw.com/pdf/H3_AP202510311772448641_1.pdf
万联证券  2025-10-31  19.38  17.76  16.28  0.0910626427559924  https://pdf.dfcfw.com/pdf/H3_AP202510311772357609_1.pdf
东吴证券  2025-10-31  19.88  19.23  18.49  0.03690682835385828  https://pdf.dfcfw.com/pdf/H3_AP202510311772173861_1.pdf
国信证券  2025-10-30  19.9  18.9  17.9  0.05438695153886419  https://pdf.dfcfw.com/pdf/H3_AP202510301771950370_1.pdf
东莞证券  2025-10-30  19.78  18.66  17.47  0.064061405323395  https://pdf.dfcfw.com/pdf/H3_AP202510301771942998_1.pdf
信达证券  2025-10-30  19.81  18.88  17.96  0.05024124919681028  https://pdf.dfcfw.com/pdf/H3_AP202510301771915534_1.pdf
群益证券  2025-10-30  20.0  18.0  17.0  0.08465228909328082  https://pdf.dfcfw.com/pdf/H3_AP202510301771840990_1.pdf
国金证券  2025-10-30  19.8  18.8  17.9  0.051734401546630115  https://pdf.dfcfw.com/pdf/H3_AP202510301771723396_1.pdf"
2025/11/28,688012,中微公司,88.3,151.8,87.7,38.47%,2.3,38.91%,82.16%,7.82,7.68,10.81,"东海证券  2025-11-21  86.79  55.42  40.87  0.4572448371129645  https://pdf.dfcfw.com/pdf/H3_AP202511211785175486_1.pdf
华源证券  2025-11-12  82.44  60.96  45.4  0.34753813706217773  https://pdf.dfcfw.com/pdf/H3_AP202511121780022223_1.pdf
群益证券  2025-11-04  82.4  56.7  43.5  0.3763185944988241  https://pdf.dfcfw.com/pdf/H3_AP202511041774968910_1.pdf
交银国际证券  2025-11-04  89.2  53.3  43.0  0.44028420967917414  https://pdf.dfcfw.com/pdf/H3_AP202511041774836723_1.pdf
上海证券  2025-11-02  88.15  61.46  47.08  0.36833656122127034  https://pdf.dfcfw.com/pdf/H3_AP202511021773817287_1.pdf
东吴证券  2025-10-31  76.29  54.51  41.65  0.3534004126905048  https://pdf.dfcfw.com/pdf/H3_AP202510311772205438_1.pdf
国金证券  2025-10-30  99.51  66.7  48.46  0.43298504568168394  https://pdf.dfcfw.com/pdf/H3_AP202510301771749151_1.pdf
中邮证券  2025-09-30  86.2  57.56  40.8  0.4535284992180979  https://pdf.dfcfw.com/pdf/H3_AP202509301753243692_1.pdf
华安证券  2025-09-25  73.47  53.29  42.36  0.3169735242046785  https://pdf.dfcfw.com/pdf/H3_AP202509251750282982_1.pdf
交银国际证券  2025-09-23  75.1  51.4  41.1  0.35175833944995727  https://pdf.dfcfw.com/pdf/H3_AP202509231748953751_1.pdf
群益证券  2025-09-18  66.5  45.7  35.1  0.3764399349724252  https://pdf.dfcfw.com/pdf/H3_AP202509181746001632_1.pdf
东吴证券  2025-09-07  51.49  36.81  28.12  0.35317444591637237  https://pdf.dfcfw.com/pdf/H3_AP202509071739697041_1.pdf
上海证券  2025-08-31  66.25  46.14  35.35  0.3689835583478984  https://pdf.dfcfw.com/pdf/H3_AP202508311737285912_1.pdf
开源证券  2025-08-30  60.6  41.8  29.9  0.42364175719975616  https://pdf.dfcfw.com/pdf/H3_AP202508301736908985_1.pdf
东吴证券  2025-08-29  58.06  41.5  31.7  0.35334612768682394  https://pdf.dfcfw.com/pdf/H3_AP202508291736609254_1.pdf
国金证券  2025-08-29  63.73  45.03  33.39  0.38154091000367285  https://pdf.dfcfw.com/pdf/H3_AP202508291736292437_1.pdf"
2025/11/28,601601,中国太保,10.1,13.9,6.4,9.49%,0.7,37.97%,61.65%,1.18,1.18,1.6,"华源证券  2025-11-09  6.47  5.29  4.56  0.1911589520810424  https://pdf.dfcfw.com/pdf/H3_AP202511091778101835_1.pdf
民生证券  2025-11-04  7.0  6.0  6.0  0.08012344973464347  https://pdf.dfcfw.com/pdf/H3_AP202511041775133735_1.pdf
国信证券  2025-11-04  6.84  6.69  6.47  0.028196001257321468  https://pdf.dfcfw.com/pdf/H3_AP202511041774883969_1.pdf
东吴证券  2025-11-01  5.49  5.38  5.13  0.03449284124951357  https://pdf.dfcfw.com/pdf/H3_AP202511011772815882_1.pdf
开源证券  2025-10-31  6.92  6.01  5.32  0.14050509849769988  https://pdf.dfcfw.com/pdf/H3_AP202510311772570565_1.pdf"
2025/11/28,600690,海尔智家,17.7,16.2,12.3,12.24%,1,34.44%,28.72%,2.16,2.79,2.8,"西南证券  2025-11-07  11.4  9.85  8.7  0.14470294294467823  https://pdf.dfcfw.com/pdf/H3_AP202511071776953394_1.pdf
国信证券  2025-11-04  11.8  10.6  9.6  0.1086778913041726  https://pdf.dfcfw.com/pdf/H3_AP202511041774868809_1.pdf
海通国际  2025-11-03  11.87  10.56  9.42  0.12253504430374962  https://pdf.dfcfw.com/pdf/H3_AP202511031774468266_1.pdf
太平洋  2025-11-01  11.81  10.55  9.39  0.12148160027960686  https://pdf.dfcfw.com/pdf/H3_AP202511011773015973_1.pdf
中国银河  2025-10-31  11.16  9.84  8.81  0.12549648522418155  https://pdf.dfcfw.com/pdf/H3_AP202510311772706407_1.pdf
国金证券  2025-10-31  11.45  10.31  9.27  0.11138076555291909  https://pdf.dfcfw.com/pdf/H3_AP202510311772394150_1.pdf"
2025/11/28,600031,三一重工,25,111.9,22.7,23.72%,1,30.00%,174.88%,2.55,2.65,2.66,"东莞证券  2025-11-04  23.0  19.0  16.0  0.19895788082817978  https://pdf.dfcfw.com/pdf/H3_AP202511041775023788_1.pdf
太平洋  2025-11-04  22.79  17.96  14.35  0.2602195483742227  https://pdf.dfcfw.com/pdf/H3_AP202511041774981325_1.pdf
东吴证券  2025-11-02  24.12  18.41  16.13  0.22284515740271105  https://pdf.dfcfw.com/pdf/H3_AP202511021773856441_1.pdf
国金证券  2025-10-31  23.38  18.15  14.57  0.26675456353149385  https://pdf.dfcfw.com/pdf/H3_AP202510311772357651_1.pdf"
2025/11/28,601899,紫金矿业,19.9,27.1,16.7,17.73%,0.9,28.64%,50.06%,4.53,3.85,3.25,"中国银河  2025-10-22  15.28  11.61  10.51  0.20575846374096352  https://pdf.dfcfw.com/pdf/H3_AP202510221767037147_1.pdf
东吴证券  2025-10-22  15.86  13.53  11.57  0.17080592621233892  https://pdf.dfcfw.com/pdf/H3_AP202510221766675265_1.pdf
国信证券  2025-10-22  15.5  12.6  11.4  0.16603993190928823  https://pdf.dfcfw.com/pdf/H3_AP202510221767005218_1.pdf
华鑫证券  2025-10-22  14.9  12.6  11.2  0.15341109013965304  https://pdf.dfcfw.com/pdf/H3_AP202510221766962996_1.pdf
中邮证券  2025-10-21  14.99  11.71  10.71  0.18305812083497242  https://pdf.dfcfw.com/pdf/H3_AP202510211766162268_1.pdf
华源证券  2025-10-21  15.47  12.74  10.85  0.19407137626395832  https://pdf.dfcfw.com/pdf/H3_AP202510211766414020_1.pdf
民生证券  2025-10-20  15.0  12.0  11.0  0.16774841624228443  https://pdf.dfcfw.com/pdf/H3_AP202510201765616790_1.pdf"
2025/11/28,600406,国电南瑞,28.6,27.4,22.3,12.89%,1.7,27.79%,25.23%,3.62,4.41,4.31,"中国银河  2025-11-14  23.56  21.11  18.36  0.13279495093836813  https://pdf.dfcfw.com/pdf/H3_AP202511141781187315_1.pdf
中邮证券  2025-11-11  24.13  21.39  18.89  0.13021920321972402  https://pdf.dfcfw.com/pdf/H3_AP202511111779247442_1.pdf
国信证券  2025-11-07  23.7  21.0  18.5  0.13184852391169422  https://pdf.dfcfw.com/pdf/H3_AP202511071776926482_1.pdf
华安证券  2025-11-04  23.77  21.76  19.56  0.10237705610382286  https://pdf.dfcfw.com/pdf/H3_AP202511041775176325_1.pdf
民生证券  2025-11-01  24.0  21.0  18.0  0.15470053837925146  https://pdf.dfcfw.com/pdf/H3_AP202511011773319573_1.pdf
东吴证券  2025-11-01  23.35  20.82  18.56  0.12164249944076388  https://pdf.dfcfw.com/pdf/H3_AP202511011772815864_1.pdf"
2025/11/28,688041,海光信息,159.2,159.2,213.4,41.37%,5.2,22.10%,22.10%,23.07,12.61,12.61,"华安证券  2025-10-28  179.03  129.34  90.68  0.40509972928189497  https://pdf.dfcfw.com/pdf/H3_AP202510281770680537_1.pdf
华龙证券  2025-10-27  181.9  121.1  88.2  0.4360913190476401  https://pdf.dfcfw.com/pdf/H3_AP202510271769993802_1.pdf
群益证券  2025-10-20  166.0  114.0  79.0  0.449574359177483  https://pdf.dfcfw.com/pdf/H3_AP202510201765596724_1.pdf
国信证券  2025-10-20  135.3  96.6  83.1  0.27599327771165916  https://pdf.dfcfw.com/pdf/H3_AP202510201765520100_1.pdf
太平洋  2025-10-19  178.84  120.22  85.68  0.4447496625026728  https://pdf.dfcfw.com/pdf/H3_AP202510191765109296_1.pdf
山西证券  2025-10-17  191.6  120.7  89.4  0.4639592664349512  https://pdf.dfcfw.com/pdf/H3_AP202510171763887179_1.pdf
东吴证券  2025-10-16  173.83  117.29  82.95  0.4476186510579705  https://pdf.dfcfw.com/pdf/H3_AP202510161763408639_1.pdf
开源证券  2025-10-16  185.6  133.0  96.5  0.3868367107111659  https://pdf.dfcfw.com/pdf/H3_AP202510161763271600_1.pdf"
2025/11/28,601318,中国平安,8.9,10.4,7.6,11.82%,0.6,20.57%,30.74%,1.08,1.12,1.65,"国信证券  2025-11-03  7.88  7.1  6.57  0.09516718906015065  https://pdf.dfcfw.com/pdf/H3_AP202511031774452223_1.pdf
华源证券  2025-11-03  7.0  5.9  5.2  0.16023870223064263  https://pdf.dfcfw.com/pdf/H3_AP202511031774424188_1.pdf
开源证券  2025-10-29  7.57  6.96  6.26  0.0996659382370857  https://pdf.dfcfw.com/pdf/H3_AP202510291771318691_1.pdf
东吴证券  2025-10-29  7.37  6.69  5.9  0.11765492991928483  https://pdf.dfcfw.com/pdf/H3_AP202510291771102288_1.pdf"
2025/11/28,600276,恒瑞医药,62.4,62.9,55.2,12.78%,4.3,19.90%,20.41%,6.92,8.53,10.91,"群益证券  2025-11-28  40.83  45.32  39.6  0.015411545168069196  https://pdf.dfcfw.com/pdf/H3_AP202511281789842939_1.pdf
中邮证券  2025-11-03  45.47  39.01  35.46  0.13238240189315698  https://pdf.dfcfw.com/pdf/H3_AP202511031774257377_1.pdf
中国银河  2025-10-31  49.03  42.18  35.03  0.18307118825665536  https://pdf.dfcfw.com/pdf/H3_AP202510311772644646_1.pdf
华源证券  2025-10-31  44.25  36.83  30.48  0.2048948724031101  https://pdf.dfcfw.com/pdf/H3_AP202510311772485934_1.pdf
西南证券  2025-10-30  53.91  44.78  37.75  0.19502279066077866  https://pdf.dfcfw.com/pdf/H3_AP202510301771954651_1.pdf
浦银国际证券  2025-10-30  45.7  45.1  43.5  0.024975469288742724  https://pdf.dfcfw.com/pdf/H3_AP202510301771791308_1.pdf
民生证券  2025-10-28  45.0  43.0  37.0  0.10282193314071164  https://pdf.dfcfw.com/pdf/H3_AP202510281770767507_1.pdf
国金证券  2025-10-28  46.56  39.8  34.36  0.16407217471231772  https://pdf.dfcfw.com/pdf/H3_AP202510281770617244_1.pdf"
2025/11/28,600760,中航沈飞,57.7,301.6,56.7,18.22%,3.1,19.33%,172.75%,7.63,9.27,12.98,"华安证券  2025-11-06  48.79  42.57  36.67  0.15347969539572293  https://pdf.dfcfw.com/pdf/H3_AP202511061776194187_1.pdf
山西证券  2025-11-03  42.6  37.3  33.3  0.13105228848151818  https://pdf.dfcfw.com/pdf/H3_AP202511031774438306_1.pdf
华鑫证券  2025-11-02  46.5  38.8  33.1  0.18525686534945085  https://pdf.dfcfw.com/pdf/H3_AP202511021773845031_1.pdf
中国银河  2025-11-01  47.65  42.47  35.94  0.15144292627347355  https://pdf.dfcfw.com/pdf/H3_AP202511011772762087_1.pdf
民生证券  2025-10-31  59.0  47.0  38.0  0.24604637913175953  https://pdf.dfcfw.com/pdf/H3_AP202510311772420257_1.pdf
东吴证券  2025-10-31  50.16  40.09  34.83  0.20005742038905594  https://pdf.dfcfw.com/pdf/H3_AP202510311772257138_1.pdf
国金证券  2025-10-30  47.6  39.24  32.6  0.2083553696601439  https://pdf.dfcfw.com/pdf/H3_AP202510301771754657_1.pdf"
2025/11/28,600030,中信证券,16.6,18.4,14.6,11.65%,1.3,19.21%,25.57%,1.46,1.47,1.53,"开源证券  2025-10-27  14.5  11.2  9.7  0.22263868776705342  https://pdf.dfcfw.com/pdf/H3_AP202510271769993782_1.pdf
国信证券  2025-10-26  14.68  13.1  12.05  0.103746919094585  https://pdf.dfcfw.com/pdf/H3_AP202510261769278153_1.pdf
民生证券  2025-10-26  18.0  16.0  15.0  0.09544511501033215  https://pdf.dfcfw.com/pdf/H3_AP202510261769511415_1.pdf
东吴证券  2025-10-25  15.52  15.17  14.23  0.04434359711757607  https://pdf.dfcfw.com/pdf/H3_AP202510251768385359_1.pdf"
2025/11/28,601888,中国中免,47.8,47.1,48.1,16.45%,2.9,16.14%,15.27%,2.94,9.49,8.59,"中航证券  2025-11-27  45.08  37.64  30.71  0.21157985996895134  https://pdf.dfcfw.com/pdf/H3_AP202511271789330652_1.pdf
太平洋  2025-11-09  38.69  31.29  27.4  0.1882944902760586  https://pdf.dfcfw.com/pdf/H3_AP202511091777932137_1.pdf
群益证券  2025-11-03  29.0  28.0  26.0  0.056117709057383225  https://pdf.dfcfw.com/pdf/H3_AP202511031774350270_1.pdf
国信证券  2025-11-02  39.8  33.3  28.7  0.17760756701098557  https://pdf.dfcfw.com/pdf/H3_AP202511021773886245_1.pdf
中国银河  2025-10-31  38.97  31.86  27.58  0.1886885296807712  https://pdf.dfcfw.com/pdf/H3_AP202510311772534714_1.pdf"
2025/11/28,601766,中国中车,15.7,20,13.8,6.19%,2.2,13.22%,27.82%,1.23,1.19,1.68,"中国银河  2025-11-06  15.63  15.57  14.12  0.052112403650396155  https://pdf.dfcfw.com/pdf/H3_AP202511061776375314_1.pdf
东吴证券  2025-11-01  16.71  15.64  14.55  0.0716592780578269  https://pdf.dfcfw.com/pdf/H3_AP202511011772836313_1.pdf"
2025/11/28,600050,中国联通,19.5,79.2,17.8,7.84%,2.3,12.88%,127.27%,0.98,0.92,1.2,"中国银河  2025-10-27  18.21  16.99  15.82  0.07288144225151294  https://pdf.dfcfw.com/pdf/H3_AP202510271769832143_1.pdf
国金证券  2025-10-24  16.8  15.46  14.3  0.08389352559426921  https://pdf.dfcfw.com/pdf/H3_AP202510241767945785_1.pdf"
2025/11/28,600309,万华化学,17.8,17.7,18.9,15.29%,1.2,11.87%,11.62%,2,3.81,3.81,"东吴证券  2025-10-30  15.33  12.09  10.7  0.19695876302144666  https://pdf.dfcfw.com/pdf/H3_AP202510301771606342_1.pdf
开源证券  2025-10-28  15.5  12.1  10.8  0.1979921473804347  https://pdf.dfcfw.com/pdf/H3_AP202510281770427870_1.pdf
山西证券  2025-10-28  15.9  12.3  11.0  0.20227057913538982  https://pdf.dfcfw.com/pdf/H3_AP202510281770617226_1.pdf
华安证券  2025-10-27  14.91  11.71  10.65  0.18321595661992318  https://pdf.dfcfw.com/pdf/H3_AP202510271769870319_1.pdf
国金证券  2025-10-27  13.81  13.18  12.21  0.06350370523103077  https://pdf.dfcfw.com/pdf/H3_AP202510271769816357_1.pdf
国信证券  2025-10-27  15.4  13.7  13.5  0.06805465250648135  https://pdf.dfcfw.com/pdf/H3_AP202510271769840893_1.pdf
环球富盛理财  2025-10-23  14.23  11.74  10.61  0.15809652400250807  https://pdf.dfcfw.com/pdf/H3_AP202510231767338687_1.pdf"
2025/11/28,600036,招商银行,8.1,8.6,7.3,6.12%,1.2,11.67%,15.74%,0.99,1.26,1.36,国信证券  2025-10-30  7.23  6.88  6.42  0.06121073510357289  https://pdf.dfcfw.com/pdf/H3_AP202510301771734353_1.pdf
2025/11/28,601857,中国石油,12.5,36.2,11.3,2.91%,3.9,8.34%,84.45%,1.14,0.89,0.99,"西南证券  2025-11-17  11.38  10.72  10.09  0.06200252155906849  https://pdf.dfcfw.com/pdf/H3_AP202511171783021374_1.pdf
中银证券  2025-11-06  10.5  10.3  10.1  0.019609709838053435  https://pdf.dfcfw.com/pdf/H3_AP202511061776119994_1.pdf
民生证券  2025-10-31  10.0  10.0  10.0  0.0  https://pdf.dfcfw.com/pdf/H3_AP202510311772553696_1.pdf
信达证券  2025-10-31  9.94  9.45  9.13  0.04341674819089292  https://pdf.dfcfw.com/pdf/H3_AP202510311772549950_1.pdf
国信证券  2025-10-31  10.0  9.8  9.6  0.0206207261596576  https://pdf.dfcfw.com/pdf/H3_AP202510311772414393_1.pdf"
2025/11/28,600887,伊利股份,21.9,23.7,23.2,7.96%,2.9,4.96%,9.21%,3.3,4.66,5.48,"中邮证券  2025-11-21  16.53  15.24  14.04  0.08505779908280808  https://pdf.dfcfw.com/pdf/H3_AP202511211785463555_1.pdf
中国银河  2025-11-05  15.29  14.18  13.24  0.0746319541396514  https://pdf.dfcfw.com/pdf/H3_AP202511051775754275_1.pdf
华安证券  2025-11-04  15.58  14.22  13.5  0.07427839691305071  https://pdf.dfcfw.com/pdf/H3_AP202511041774868836_1.pdf
群益证券  2025-11-03  16.0  14.0  13.0  0.1094003924504583  https://pdf.dfcfw.com/pdf/H3_AP202511031774341795_1.pdf
开源证券  2025-11-03  16.0  14.9  14.0  0.06904496764969759  https://pdf.dfcfw.com/pdf/H3_AP202511031774429946_1.pdf
东兴证券  2025-11-01  15.23  14.08  13.28  0.07090492080183775  https://pdf.dfcfw.com/pdf/H3_AP202511011773273827_1.pdf
信达证券  2025-11-01  15.51  14.12  13.03  0.0910224597480096  https://pdf.dfcfw.com/pdf/H3_AP202511011773028456_1.pdf
东莞证券  2025-10-31  15.72  14.79  13.92  0.06269014525758454  https://pdf.dfcfw.com/pdf/H3_AP202510311772525990_1.pdf"
2025/11/28,601728,中国电信,17.4,17.4,18.2,6.28%,2.9,3.99%,3.99%,1.37,1.17,1.17,"山西证券  2025-09-11  20.0  19.0  18.2  0.04828483672191841  https://pdf.dfcfw.com/pdf/H3_AP202509111741828299_1.pdf
东莞证券  2025-09-03  20.0  18.0  18.0  0.05409255338945984  https://pdf.dfcfw.com/pdf/H3_AP202509031738356169_1.pdf
中国银河  2025-08-26  20.81  19.52  18.14  0.07106887436212195  https://pdf.dfcfw.com/pdf/H3_AP202508261734939964_1.pdf
民生证券  2025-08-18  19.0  17.0  16.0  0.0897247358851685  https://pdf.dfcfw.com/pdf/H3_AP202508181729838079_1.pdf
国信证券  2025-08-17  19.1  18.1  17.3  0.050736048098934505  https://pdf.dfcfw.com/pdf/H3_AP202508171729262880_1.pdf"
2025/11/28,600900,长江电力,21.2,19.7,21,3.15%,6.7,3.85%,-0.11%,3.1,2.99,2.82,中国银河  2025-11-03  20.12  19.43  18.91  0.0314976046033677  https://pdf.dfcfw.com/pdf/H3_AP202511031774319660_1.pdf
2025/11/28,600941,中国移动,15,15,16.3,4.95%,3.3,0.80%,0.80%,1.7,1.52,1.52,"诚通证券  2025-11-14  16.0  15.3  14.6  0.04684784518042728  https://pdf.dfcfw.com/pdf/H3_AP202511141781297922_1.pdf
中国银河  2025-10-23  15.91  15.12  14.3  0.05479259221299637  https://pdf.dfcfw.com/pdf/H3_AP202510231767400847_1.pdf
国金证券  2025-10-21  16.04  15.33  14.62  0.04743841011403438  https://pdf.dfcfw.com/pdf/H3_AP202510211766130963_1.pdf
海通国际  2025-10-13  16.01  15.24  14.55  0.048972660564460924  https://pdf.dfcfw.com/pdf/H3_AP202510131761163990_1.pdf"
2025/11/28,688256,寒武纪,91.3,80.7,299.1,80.43%,3.7,-0.30%,-6.30%,49.62,19.35,19.16,"华龙证券  2025-10-23  283.1  129.9  83.2  0.844625769843095  https://pdf.dfcfw.com/pdf/H3_AP202510231767590499_1.pdf
国信证券  2025-10-21  256.5  114.3  62.8  1.0209885958259632  https://pdf.dfcfw.com/pdf/H3_AP202510211766281098_1.pdf
东海证券  2025-10-21  229.42  110.75  68.79  0.8262195303227133  https://pdf.dfcfw.com/pdf/H3_AP202510201765862315_1.pdf
群益证券  2025-10-20  235.0  100.3  73.8  0.7844556152559323  https://pdf.dfcfw.com/pdf/H3_AP202510201765663834_1.pdf
东吴证券  2025-10-20  247.81  107.2  59.77  1.0361875886737524  https://pdf.dfcfw.com/pdf/H3_AP202510201765235309_1.pdf
民生证券  2025-10-19  262.0  147.0  103.0  0.5948947678101995  https://pdf.dfcfw.com/pdf/H3_AP202510191765109332_1.pdf
华鑫证券  2025-10-09  252.5  164.5  108.9  0.5227084274425591  https://pdf.dfcfw.com/pdf/H3_AP202510091759000355_1.pdf"
2025/11/28,601668,中国建筑,4.4,5.8,4.8,3.53%,1.4,-0.49%,13.41%,0.45,0.61,0.9,"中国银河  2025-11-07  4.62  4.47  4.28  0.03896065966736617  https://pdf.dfcfw.com/pdf/H3_AP202511071776973210_1.pdf
东吴证券  2025-11-04  4.87  4.74  4.6  0.028929371810287652  https://pdf.dfcfw.com/pdf/H3_AP202511041774955452_1.pdf
华源证券  2025-11-03  4.72  4.55  4.38  0.03808745815381842  https://pdf.dfcfw.com/pdf/H3_AP202511031774297356_1.pdf"
2025/11/28,601211,国泰海通,12.6,14.5,13.2,0.97%,13.7,-1.52%,5.90%,1.08,1.04,1.27,"开源证券  2025-11-02  12.4  12.9  10.8  0.07151675122143941  https://pdf.dfcfw.com/pdf/H3_AP202511021773886222_1.pdf
东吴证券  2025-10-31  11.27  12.33  11.41  -0.006153904596042037  https://pdf.dfcfw.com/pdf/H3_AP202510311772285271_1.pdf
国金证券  2025-10-31  11.95  13.61  12.87  -0.03640468633563365  https://pdf.dfcfw.com/pdf/H3_AP202510311772510541_1.pdf"
2025/11/28,601166,兴业银行,5,5.4,5.8,4.61%,1.3,-2.49%,1.56%,0.57,0.61,0.75,国信证券  2025-11-02  5.8  5.6  5.3  0.046106888726725304  https://pdf.dfcfw.com/pdf/H3_AP202511021773691551_1.pdf
2025/11/28,601658,邮储银行,6.3,6.4,7.8,2.76%,2.8,-7.89%,-6.70%,0.67,0.71,0.73,"东海证券  2025-11-14  8.01  7.81  7.57  0.02865162925672915  https://pdf.dfcfw.com/pdf/H3_AP202511141781304390_1.pdf
中国银河  2025-11-03  7.82  7.56  7.26  0.03785113876022472  https://pdf.dfcfw.com/pdf/H3_AP202511031774350274_1.pdf
东兴证券  2025-11-01  8.09  7.87  7.59  0.032412782191636014  https://pdf.dfcfw.com/pdf/H3_AP202511011773273807_1.pdf
国信证券  2025-10-31  8.9  8.8  8.7  0.011428942510113504  https://pdf.dfcfw.com/pdf/H3_AP202510311772414415_1.pdf"
2025/11/28,601985,中国核电,16.3,19.3,22.6,8.15%,2.8,-8.26%,-0.12%,1.54,1.74,2.01,"国信证券  2025-11-04  20.1  18.6  16.7  0.09708377728013895  https://pdf.dfcfw.com/pdf/H3_AP202511041775126027_1.pdf
华源证券  2025-11-04  21.0  20.78  18.87  0.05493013203046715  https://pdf.dfcfw.com/pdf/H3_AP202511041774955394_1.pdf
中国银河  2025-10-31  21.02  20.02  17.8  0.0866917117584427  https://pdf.dfcfw.com/pdf/H3_AP202510311772657641_1.pdf
开源证券  2025-10-31  21.1  19.7  17.6  0.09492631549508213  https://pdf.dfcfw.com/pdf/H3_AP202510311772644630_1.pdf
东吴证券  2025-10-31  19.47  18.81  16.88  0.07398138669035892  https://pdf.dfcfw.com/pdf/H3_AP202510311772381887_1.pdf"
2025/11/28,601225,陕西煤业,8.4,-13.2,12.5,8.30%,1.5,-11.06%,-1000.00%,2.33,2.03,1.84,"华源证券  2025-11-06  13.61  12.92  12.54  0.041790263799775795  https://pdf.dfcfw.com/pdf/H3_AP202511061776258633_1.pdf
国信证券  2025-11-03  12.4  10.9  10.6  0.08157816211068036  https://pdf.dfcfw.com/pdf/H3_AP202511031774262103_1.pdf
信达证券  2025-10-31  12.56  11.6  11.31  0.053812916150585144  https://pdf.dfcfw.com/pdf/H3_AP202510311772318940_1.pdf
民生证券  2025-10-29  12.0  10.0  9.0  0.15470053837925146  https://pdf.dfcfw.com/pdf/H3_AP202510291771456140_1.pdf"
2025/11/28,601088,中国神华,11.1,11.5,15,3.03%,5,-11.46%,-9.88%,1.96,1.55,1.34,"东兴证券  2025-11-12  16.7  16.02  15.71  0.03102724818765612  https://pdf.dfcfw.com/pdf/H3_AP202511121779948608_1.pdf
国信证券  2025-10-28  16.0  15.5  15.3  0.022619985129827214  https://pdf.dfcfw.com/pdf/H3_AP202510281770640899_1.pdf
华源证券  2025-10-28  15.98  15.41  14.98  0.03283864869219033  https://pdf.dfcfw.com/pdf/H3_AP202510281770655054_1.pdf
开源证券  2025-10-27  16.2  15.5  15.1  0.0357836077671847  https://pdf.dfcfw.com/pdf/H3_AP202510271769811024_1.pdf
信达证券  2025-10-27  15.9  15.4  15.15  0.024453488692897984  https://pdf.dfcfw.com/pdf/H3_AP202510271769780098_1.pdf
民生证券  2025-10-26  15.0  14.0  14.0  0.03509833901353132  https://pdf.dfcfw.com/pdf/H3_AP202510261769006263_1.pdf"
2025/11/28,601328,交通银行,4.9,5.5,7.1,3.56%,2,-13.54%,-8.66%,0.59,0.51,0.61,"中国银河  2025-11-03  6.63  6.4  6.2  0.03409614577643483  https://pdf.dfcfw.com/pdf/H3_AP202511031774249513_1.pdf
国信证券  2025-10-31  7.1  6.9  6.6  0.037187338795444225  https://pdf.dfcfw.com/pdf/H3_AP202510311772414401_1.pdf"
2025/11/28,601398,工商银行,5.5,6,7.9,2.54%,3.1,-14.32%,-10.71%,0.76,0.6,0.75,"东海证券  2025-11-07  7.84  7.71  7.56  0.018350154434631172  https://pdf.dfcfw.com/pdf/H3_AP202511071776830605_1.pdf
国信证券  2025-10-31  8.1  8.0  7.6  0.03237080241752799  https://pdf.dfcfw.com/pdf/H3_AP202510311772414404_1.pdf"
2025/11/28,600028,中国石化,11.2,15.2,19.4,12.56%,1.5,-14.35%,-0.44%,0.84,0.8,0.86,"民生证券  2025-10-30  18.0  16.0  15.0  0.09544511501033215  https://pdf.dfcfw.com/pdf/H3_AP202510301771932237_1.pdf
信达证券  2025-10-30  16.55  15.07  12.39  0.15574851972191017  https://pdf.dfcfw.com/pdf/H3_AP202510301771915517_1.pdf"
2025/11/28,601988,中国银行,5.4,5.7,8.2,5.17%,1.6,-14.67%,-11.96%,0.73,0.56,0.66,国信证券  2025-10-29  7.3  7.1  6.6  0.05169415994413806  https://pdf.dfcfw.com/pdf/H3_AP202510291771254438_1.pdf
2025/11/28,688981,中芯国际,90.6,98,188.9,20.46%,9.2,-16.60%,-13.26%,6.01,3.77,4.23,"中国银河  2025-09-30  213.92  181.21  126.88  0.298461598226184  https://pdf.dfcfw.com/pdf/H3_AP202509301753272988_1.pdf
华安证券  2025-09-28  216.45  190.31  170.36  0.1271844253757144  https://pdf.dfcfw.com/pdf/H3_AP202509281752049113_1.pdf
中邮证券  2025-09-24  200.49  166.95  138.86  0.20159407300876286  https://pdf.dfcfw.com/pdf/H3_AP202509241749535235_1.pdf
上海证券  2025-09-10  179.86  149.74  127.41  0.18813430838512213  https://pdf.dfcfw.com/pdf/H3_AP202509101741028847_1.pdf
东吴证券  2025-09-03  176.93  148.83  127.16  0.17957478169809948  https://pdf.dfcfw.com/pdf/H3_AP202509031738421581_1.pdf
民生证券  2025-08-31  172.0  137.0  109.0  0.25617739645965076  https://pdf.dfcfw.com/pdf/H3_AP202508311737244466_1.pdf
华金证券  2025-08-10  139.2  113.8  99.8  0.18101209949700192  https://pdf.dfcfw.com/pdf/H3_AP202508101725059904_1.pdf"
2025/11/28,601919,中远海控,6,13.4,5.9,-19.33%,-10,-19.18%,21.30%,0.97,1.73,2.13,"国信证券  2025-11-06  7.5  10.0  10.5  -0.15484574527148343  https://pdf.dfcfw.com/pdf/H3_AP202511061776348139_1.pdf
华源证券  2025-11-03  7.19  9.4  10.74  -0.1817946695626751  https://pdf.dfcfw.com/pdf/H3_AP202511031774421983_1.pdf
国金证券  2025-10-31  7.1  10.88  12.4  -0.24330941253290972  https://pdf.dfcfw.com/pdf/H3_AP202510311772414430_1.pdf"
2025/11/28,601288,农业银行,5.4,5.7,9.8,3.55%,2.8,-22.91%,-20.77%,1.03,0.6,0.72,国信证券  2025-10-31  10.4  10.1  9.7  0.03545398181358528  https://pdf.dfcfw.com/pdf/H3_AP202510311772414402_1.pdf
2025/11/28,601012,隆基绿能,18.9,22.8,-25.4,nan%,-10,-1000.00%,-1000.00%,2.47,5.46,4.94,"中银证券  2025-11-04  -34.5  53.1  36.6  nan  https://pdf.dfcfw.com/pdf/H3_AP202511041774786833_1.pdf
东吴证券  2025-11-01  -36.35  52.26  27.14  nan  https://pdf.dfcfw.com/pdf/H3_AP202511011773352889_1.pdf
国金证券  2025-10-31  -43.59  37.05  26.37  nan  https://pdf.dfcfw.com/pdf/H3_AP202510311772376600_1.pdf"
2025/11/28,601127,赛力斯,-16.9,-4.2,30.4,28.89%,1.1,-1000.00%,-1000.00%,7.91,10.09,7.24,"东莞证券  2025-11-04  25.86  19.32  15.07  0.3099587921610054  https://pdf.dfcfw.com/pdf/H3_AP202511041775025304_1.pdf
太平洋  2025-11-03  27.97  19.85  16.05  0.320105725965105  https://pdf.dfcfw.com/pdf/H3_AP202511031774185644_1.pdf
民生证券  2025-11-02  30.0  23.0  18.0  0.2909944487358056  https://pdf.dfcfw.com/pdf/H3_AP202511021773762800_1.pdf
东吴证券  2025-11-01  30.9  21.91  16.61  0.363937353897978  https://pdf.dfcfw.com/pdf/H3_AP202511011772815944_1.pdf
交银国际证券  2025-10-31  22.6  19.8  15.8  0.19598484389871884  https://pdf.dfcfw.com/pdf/H3_AP202510311772706379_1.pdf
东莞证券  2025-10-31  27.15  20.28  15.83  0.3096174690918718  https://pdf.dfcfw.com/pdf/H3_AP202510311772583271_1.pdf
西南证券  2025-10-10  25.25  18.53  15.04  0.2957069047352967  https://pdf.dfcfw.com/pdf/H3_AP202510101759409331_1.pdf
开源证券  2025-10-10  25.4  18.9  15.5  0.28012096202638403  https://pdf.dfcfw.com/pdf/H3_AP202510101759328867_1.pdf
华鑫证券  2025-09-29  29.92  20.83  18.3  0.27866050130424713  https://pdf.dfcfw.com/pdf/H3_AP202509291752769539_1.pdf
太平洋  2025-09-10  22.87  18.56  15.08  0.23149431559259348  https://pdf.dfcfw.com/pdf/H3_AP202509101740994906_1.pdf
国信证券  2025-09-08  20.1  14.0  11.2  0.33964280953650383  https://pdf.dfcfw.com/pdf/H3_AP202509081740347996_1.pdf
交银国际证券  2025-09-01  19.0  16.7  13.3  0.19522860933439357  https://pdf.dfcfw.com/pdf/H3_AP202509011737677909_1.pdf
民生证券  2025-08-30  23.0  16.0  15.0  0.23827837473378066  https://pdf.dfcfw.com/pdf/H3_AP202508301736893657_1.pdf
东吴证券  2025-08-30  22.25  15.21  11.44  0.39460749672804707  https://pdf.dfcfw.com/pdf/H3_AP202508301736836377_1.pdf"
2025/11/28,600048,保利发展,23.6,16,-91.7,19.49%,-4.7,-1000.00%,-1000.00%,0.42,0.83,1.13,"中国银河  2025-10-28  42.41  38.19  26.47  0.26577689969581564  https://pdf.dfcfw.com/pdf/H3_AP202510281770561644_1.pdf
太平洋  2025-10-26  21.11  18.79  15.39  0.17118312638526545  https://pdf.dfcfw.com/pdf/H3_AP202510251768906700_1.pdf
民生证券  2025-10-24  48.0  26.0  20.0  0.5491933384829668  https://pdf.dfcfw.com/pdf/H3_AP202510241768003288_1.pdf
开源证券  2025-10-22  21.3  17.3  14.1  0.22908026502435574  https://pdf.dfcfw.com/pdf/H3_AP202510221767016562_1.pdf
太平洋  2025-09-25  18.28  17.17  15.36  0.09091895513217052  https://pdf.dfcfw.com/pdf/H3_AP202509251750134248_1.pdf
中国银河  2025-08-27  19.43  18.93  18.26  0.03153985853050312  https://pdf.dfcfw.com/pdf/H3_AP202508271735350901_1.pdf
国信证券  2025-08-27  19.1  18.5  18.1  0.02725294781009535  https://pdf.dfcfw.com/pdf/H3_AP202508271735273627_1.pdf
民生证券  2025-08-26  18.0  15.0  13.0  0.17669681082910427  https://pdf.dfcfw.com/pdf/H3_AP202508261734902153_1.pdf
开源证券  2025-08-26  17.5  15.1  13.2  0.1514154661795959  https://pdf.dfcfw.com/pdf/H3_AP202508261734812012_1.pdf
东莞证券  2025-08-26  19.29  17.53  15.51  0.11521914127916366  https://pdf.dfcfw.com/pdf/H3_AP202508261734782872_1.pdf
国金证券  2025-08-26  26.51  22.09  14.85  0.3361082236051036  https://pdf.dfcfw.com/pdf/H3_AP202508261734726212_1.pdf"
