date,open,high,low,close,volume,amount,turn,peTTM,pbMRQ
2021-08-10,28.81,34.57,28.81,34.57,1084367,37411687.19,1.3377,31.761735,4.480668
2021-08-11,38.03,38.03,38.03,38.03,651707,24784417.21,0.804,34.940665,4.929124
2021-08-12,41.83,41.83,39.01,41.83,24599143,1018117029.31,30.3468,38.431975,5.421648
2021-08-13,42.42,46.0,41.01,43.02,45772816,1991430258.09,56.4678,39.525306,5.575885
2021-08-16,40.15,42.26,38.72,39.07,30836053,1244637818.31,38.041,35.896181,5.06392
2021-08-17,37.81,38.22,35.6,36.1,25675235,940672175.94,31.6744,33.167447,4.678974
2021-08-18,35.6,36.94,34.9,35.81,15655619,564511195.66,19.3136,32.901005,4.641387
2021-08-19,35.0,37.9,34.6,36.5,18394112,671761631.5,22.692,33.534953,4.730819
2021-08-20,35.71,35.75,33.21,33.52,18136026,623892396.15,22.3736,30.797031,4.344576
2021-08-23,33.01,34.19,33.0,33.82,10780496,363132639.68,13.2994,31.072661,4.38346
2021-08-24,33.83,34.83,33.54,33.83,11225352,383522222.45,13.8482,31.081848,4.384756
2021-08-25,34.1,36.8,34.08,34.94,13611262,480827523.66,16.7916,32.101678,4.528625
2021-08-26,34.77,34.99,33.8,34.15,11248631,385066827.97,13.8769,31.375853,4.426232
2021-08-27,33.85,35.8,33.2,35.09,13705214,472263667.91,16.9075,32.239493,4.548066
2021-08-30,35.14,36.65,34.67,36.15,13762147,493489959.39,16.9777,33.213385,4.685455
2021-08-31,35.8,35.8,33.89,33.96,12510403,432031970.87,15.4335,31.201288,4.401605
2021-09-01,33.51,34.49,32.7,32.76,9336977,311011540.49,11.5186,30.098769,4.246072
2021-09-02,32.39,32.74,32.12,32.49,6994381,226290563.01,8.6286,29.850702,4.211077
2021-09-03,32.85,33.65,32.61,33.49,8686201,288262380.66,10.7158,30.769468,4.340688
2021-09-06,35.16,36.84,35.16,36.84,10827871,396989972.59,13.3578,33.847333,4.774886
2021-09-07,36.99,39.97,36.5,37.94,28634348,1089059401.07,35.3249,34.857976,4.917459
2021-09-08,39.67,41.17,38.39,40.47,23458824,932173051.8,28.9401,37.182454,5.245376
2021-09-09,39.1,40.0,38.13,38.4,16582405,646885794.47,20.457,35.280608,4.97708
2021-09-10,38.4,40.86,38.33,39.39,15232168,605722247.77,18.7912,36.190186,5.105396
2021-09-13,38.8,38.82,37.43,37.79,9452391,359590071.11,11.661,34.720161,4.898017
2021-09-14,38.46,39.44,36.88,37.05,8733605,331361741.53,10.7742,34.040274,4.802105
2021-09-15,36.69,40.76,36.69,40.76,17574244,691766997.71,21.6805,37.448896,5.282963
2021-09-16,41.58,41.58,37.19,37.59,18683789,720721685.79,23.0493,34.536408,4.872095
2021-09-17,37.01,38.17,36.01,37.46,9689725,360256675.38,11.9538,34.416968,4.855246
2021-09-22,36.58,37.69,35.35,35.5,9861535,359414093.39,12.1657,32.616187,4.601207
2021-09-23,35.0,35.6,34.06,34.44,8106824,279777003.37,10.001,31.642295,4.463819
2021-09-24,34.42,34.42,32.96,33.24,6830688,227887441.7,8.4267,30.539776,4.308285
2021-09-27,33.0,33.07,30.71,31.18,7895587,251057183.01,9.7404,28.647119,4.041286
2021-09-28,30.98,31.88,30.86,31.27,4029548,126252085.44,4.9711,28.729808,4.052951
2021-09-29,31.18,31.18,29.65,29.8,5374670,162474163.3,6.6305,27.379222,3.862422
2021-09-30,29.97,30.7,29.81,29.91,4578886,138081958.22,5.6488,27.480286,3.876679
2021-10-08,30.3,30.62,29.94,30.2,3665537,110671166.35,4.522,27.746728,3.914266
2021-10-11,30.34,31.28,29.72,31.28,5734344,175415012.58,7.0742,28.738995,4.054247
2021-10-12,30.99,31.0,30.17,30.58,4125137,126105790.79,5.089,28.095859,3.963519
2021-10-13,30.55,31.5,30.51,31.23,4036764,125497714.96,4.98,28.693057,4.047766
2021-10-14,30.88,31.31,30.61,30.94,2977569,92014549.88,3.6733,28.426615,4.010179
2021-10-15,30.95,31.5,30.88,30.91,3361815,104541220.4,4.1473,28.399052,4.00629
2021-10-18,30.85,30.96,30.15,30.33,3184426,96550158.83,3.9285,27.866168,3.931116
2021-10-19,30.24,30.59,29.98,30.42,3708381,111960932.62,4.5749,27.948857,3.942781
2021-10-20,30.36,30.36,29.9,29.99,3106835,93300447.15,3.8328,27.553788,3.887048
2021-10-21,29.97,29.97,28.89,28.98,4852995,142205362.06,5.9869,26.625834,3.75614
2021-10-22,28.71,31.88,28.7,31.88,13123471,411572632.81,16.1898,29.290255,4.132014
2021-10-25,31.62,31.62,30.39,31.13,10871610,336368592.85,13.4118,28.601181,4.034805
2021-10-26,30.4,31.43,30.39,30.77,5858730,180922070.38,7.2276,31.978839,3.06499
2021-10-27,30.49,30.89,29.5,29.64,5147459,153950095.29,6.3502,30.804446,2.952431
2021-10-28,29.68,30.35,29.33,29.45,3957970,117952583.36,4.8828,30.606981,2.933505
2021-10-29,29.4,29.96,29.01,29.86,3341459,99077174.05,4.1222,31.033089,2.974345
2021-11-01,29.98,30.45,29.63,30.12,3682129,110901877.29,4.5425,31.303303,3.000243
2021-11-02,29.98,31.58,29.9,31.2,8565843,264974225.07,10.5673,32.425732,3.107822
2021-11-03,31.31,32.36,30.67,31.48,7081988,224376827.81,8.7367,32.716732,3.135713
2021-11-04,31.5,33.63,31.0,32.98,10423006,340454351.46,12.8584,34.275662,3.285127
2021-11-05,32.58,36.28,32.52,34.2,13648102,473472593.94,16.837,35.543591,3.406651
2021-11-08,34.48,35.42,33.48,34.92,9010252,312593941.16,11.1155,36.291877,3.47837
2021-11-09,34.98,35.16,34.0,34.64,6424611,222083545.95,7.9257,36.000877,3.450479
2021-11-10,34.54,35.92,34.2,35.17,7317132,258220013.84,9.0268,36.551699,3.503272
2021-11-11,35.2,36.56,34.83,36.29,6689119,239093110.25,8.2521,37.715699,3.614835
2021-11-12,36.41,38.0,35.81,37.64,7064431,261793250.63,8.7151,39.118736,3.749308
2021-11-15,37.4,37.46,36.09,36.6,5630062,206759758.88,6.9455,38.037878,3.645714
2021-11-16,36.4,36.89,34.79,35.1,7478157,264053134.7,9.2255,36.478949,3.4963
2021-11-17,35.0,38.41,34.87,37.37,7911936,292155014.11,9.7606,38.838129,3.722414
2021-11-18,37.05,38.73,36.85,37.94,5838374,222314146.11,7.2025,39.430522,3.779191
2021-11-19,37.85,40.4,37.46,39.02,6123307,238808063.71,7.554,40.552951,3.88677
2021-11-22,38.94,40.87,38.25,40.03,5902412,235063476.4,7.2815,41.60263,3.987375
2021-11-23,39.74,40.43,39.3,39.79,3499192,139409814.51,4.3168,41.353201,3.963469
2021-11-24,39.46,43.7,39.45,42.86,6849169,287161366.4,8.4495,44.54381,4.269271
2021-11-25,42.22,42.6,40.16,40.59,6705750,276050227.5,8.2726,42.18463,4.043157
2021-11-26,40.43,42.0,40.0,40.62,3169366,129273488.98,3.9099,42.215809,4.046145
2021-11-29,39.7,40.98,39.6,40.1,3722706,149669571.98,4.5925,41.67538,3.994348
2021-11-30,40.33,41.77,39.0,39.39,4219520,169324473.68,5.2054,40.937487,3.923625
2021-12-01,39.03,40.23,38.75,38.86,4755780,187055670.7,5.867,40.386665,3.870832
2021-12-02,38.66,39.11,36.83,37.11,7169514,269184228.53,8.8447,38.567914,3.696515
2021-12-03,37.14,37.66,36.19,37.07,4279140,158106808.9,5.279,38.526343,3.692531
2021-12-06,36.76,37.26,36.36,36.46,2343036,86047134.44,2.8905,37.892378,3.631769
2021-12-07,36.53,36.79,34.92,35.35,3152765,112125427.4,3.8894,36.73877,3.521202
2021-12-08,35.46,36.8,35.46,36.5,2478599,89939451.64,3.0577,37.93395,3.635753
2021-12-09,36.6,36.91,35.96,36.6,3114152,113692474.38,3.8418,38.037878,3.645714
2021-12-10,36.0,36.42,35.61,35.77,2250353,80813849.88,2.7762,37.175271,3.563038
2021-12-13,35.85,37.21,35.62,36.59,3130101,114247373.04,3.8615,38.027485,3.644718
2021-12-14,36.65,37.75,36.05,37.33,3928773,145851393.78,4.8467,38.796557,3.718429
2021-12-15,37.4,37.9,36.0,36.66,2550607,94178154.19,3.1466,38.100235,3.651691
2021-12-16,36.79,37.1,35.65,35.92,2441842,88181226.1,3.0124,37.331163,3.57798
2021-12-17,35.87,35.92,34.51,34.52,3225628,112529260.06,3.9793,35.876163,3.438526
2021-12-20,34.5,35.08,33.91,34.78,2163378,74678544.07,2.6689,36.146377,3.464424
2021-12-21,34.78,34.92,33.94,34.71,1922650,66259556.32,2.3719,36.073627,3.457452
2021-12-22,34.7,37.7,34.5,37.05,4874437,176472728.75,6.0134,38.505557,3.690538
2021-12-23,40.0,40.76,37.46,38.51,9390796,368095973.73,11.585,40.022915,3.835969
2021-12-24,37.17,37.64,35.8,35.83,5972749,217110176.0,7.3683,37.237628,3.569015
2021-12-27,35.0,38.46,34.43,37.66,5130690,187140004.14,6.3295,39.139522,3.7513
2021-12-28,37.01,39.0,36.61,37.82,4949238,187664424.92,6.1056,39.305807,3.767238
2021-12-29,38.64,39.86,37.29,37.6,5288415,203669435.39,6.5241,39.077164,3.745324
2021-12-30,37.6,40.7,36.49,39.54,8694115,336145292.94,10.7255,41.09338,3.938567
2021-12-31,39.8,40.43,37.83,38.3,7504967,289382577.99,9.2585,39.804665,3.815051
2022-01-04,38.01,38.1,36.08,36.85,5467105,201518937.25,6.7445,38.2977,3.670617
2022-01-05,36.65,36.68,35.67,35.97,2747314,99032345.22,3.3892,37.383128,3.58296
2022-01-06,35.89,36.51,35.48,36.05,2153900,77604864.5,2.6572,37.466271,3.590929
2022-01-07,36.2,36.5,35.64,35.92,2096601,75761260.85,2.5865,37.331163,3.57798
2022-01-10,36.05,36.08,34.55,34.66,2860117,99638876.16,3.5284,36.021663,3.452471
2022-01-11,34.51,34.95,34.44,34.51,1591333,55124716.8,1.9632,35.86577,3.43753
2022-01-12,34.51,35.17,33.0,33.64,4673170,157670988.27,5.7651,34.961591,3.350869
2022-01-13,33.3,33.77,33.2,33.36,1484500,49632488.0,1.8314,34.670591,3.322979
2022-01-14,33.21,36.28,33.03,35.59,5147624,179591566.58,6.3504,36.988199,3.545108
2022-01-17,37.0,39.15,36.61,39.15,11971375,464100792.66,14.7685,40.688058,3.899719
2022-01-18,39.15,39.6,37.37,37.65,11117936,427475091.09,13.7157,39.129129,3.750304
2022-01-19,37.18,37.65,35.35,35.6,6757178,244358014.1,8.336,36.998592,3.546104
2022-01-20,35.9,37.75,35.38,36.4,6877300,251822271.0,8.4842,37.830021,3.625792
2022-01-21,36.0,38.85,35.6,35.6,5416458,199758221.32,6.682,36.998592,3.546104
2022-01-24,34.51,35.5,34.05,35.0,4701187,163703832.9,5.7996,36.37502,3.486339
2022-01-25,35.5,35.5,33.81,33.88,3127499,107139259.94,3.8583,35.211019,3.374776
2022-01-26,34.05,34.66,33.93,34.48,1572599,54046778.64,1.94,35.834591,3.434542
2022-01-27,34.01,35.0,32.59,32.74,2501070,84027608.99,3.0855,34.026233,3.261221
2022-01-28,32.97,33.2,31.61,32.11,2260500,72961093.0,2.7887,33.371483,3.198467
2022-02-07,32.8,32.98,32.08,32.13,1851975,60275011.75,2.2847,33.392268,3.200459
2022-02-08,32.13,32.55,31.8,32.16,1850500,59461853.5,2.2829,33.423447,3.203447
2022-02-09,32.32,33.2,32.0,33.12,2410095,78754635.0,2.9732,34.421162,3.299072
2022-02-10,32.95,33.31,32.7,33.15,2489315,82293949.85,3.071,34.45234,3.302061
2022-02-11,33.18,33.3,32.45,32.46,1491094,48715386.25,1.8395,33.735233,3.23333
2022-02-14,32.5,33.6,32.15,33.25,1484131,49156469.3,1.8309,34.556269,3.312022
2022-02-15,33.08,33.37,32.81,33.31,1089275,36067670.0,1.3438,34.618626,3.317998
2022-02-16,33.25,33.83,33.13,33.58,1348285,45273414.3,1.6633,34.899234,3.344893
2022-02-17,33.47,33.82,33.0,33.15,1596383,53519378.3,1.9694,34.45234,3.302061
2022-02-18,32.95,33.91,32.59,33.23,1236548,40967269.35,1.5255,34.535483,3.310029
2022-02-21,33.15,33.58,32.9,33.39,1455948,48335071.4,1.7961,34.701769,3.325967
2022-02-22,33.0,33.36,32.2,33.1,2451814,80337768.59,3.0247,34.400376,3.29708
2022-02-23,33.19,34.18,32.97,33.96,2668932,90379614.12,3.2925,35.294162,3.382745
2022-02-24,33.88,33.88,30.71,32.2,5472913,175970351.03,6.7517,33.465018,3.207432
2022-02-25,32.25,32.5,31.92,32.06,1984458,63876701.24,2.4481,33.319518,3.193486
2022-02-28,31.75,32.17,31.19,31.44,1504000,47294059.0,1.8554,32.675161,3.131728
2022-03-01,31.64,31.76,30.2,30.92,3184075,98361150.0,3.928,32.134732,3.079931
2022-03-02,31.0,31.0,30.12,30.5,2102899,64047500.0,2.5942,31.698232,3.038095
2022-03-03,30.57,30.94,30.35,30.88,1822596,55793715.0,2.2485,32.093161,3.075947
2022-03-04,30.7,31.01,30.28,30.97,1920200,58988756.0,2.3689,32.186696,3.084912
2022-03-07,31.0,31.8,30.55,31.11,2764457,86219448.0,3.4104,32.332196,3.098857
2022-03-08,31.6,31.68,29.96,30.06,2254172,68507207.0,2.7809,31.240946,2.994267
2022-03-09,30.05,30.18,27.6,28.4,3543045,101810984.0,4.3709,29.515731,2.828915
2022-03-10,28.81,30.48,28.81,29.9,3964407,118245914.0,4.8907,31.07466,2.978329
2022-03-11,29.89,30.17,28.88,30.05,2387383,70187375.0,2.9452,31.230553,2.993271
2022-03-14,30.0,32.0,29.45,30.36,5112292,157462095.0,6.3068,31.552732,3.02415
2022-03-15,29.9,32.26,29.1,30.8,8440394,261013391.0,10.4125,32.010018,3.067978
2022-03-16,31.76,32.2,29.27,30.93,7510944,231379003.0,9.2659,32.145125,3.080927
2022-03-17,31.2,33.2,30.61,32.15,9245859,295326496.0,11.4062,33.413054,3.202451
2022-03-18,31.42,35.2,30.73,33.79,10732361,348773890.86,13.24,35.117484,3.365811
2022-03-21,33.79,33.79,32.52,33.0,6802199,224807185.26,8.3916,34.296448,3.287119
2022-03-22,33.08,33.08,31.83,31.88,4412995,142157132.79,5.4441,33.132447,3.175556
2022-03-23,32.0,32.65,31.55,32.04,3543051,114048371.13,4.3709,33.298733,3.191494
2022-03-24,31.67,32.04,30.96,31.04,4226752,132000217.9,5.2143,32.259446,3.091884
2022-03-25,30.75,30.99,29.99,30.02,3559721,107928138.87,4.3915,31.199374,2.990282
2022-03-28,29.54,29.88,28.7,29.02,3932655,114836127.11,4.8515,30.160088,2.890673
2022-03-29,29.1,29.45,28.8,28.99,1956800,56882642.0,2.414,30.12891,2.887684
2022-03-30,29.0,29.3,28.81,29.22,2694886,78257482.59,3.3246,30.367945,2.910595
2022-03-31,29.04,29.27,28.81,28.89,2285778,66259253.74,2.8199,30.024981,2.877724
2022-04-01,28.52,28.77,28.15,28.4,2314400,65662210.0,2.8552,29.515731,2.828915
2022-04-06,28.4,28.95,28.15,28.69,1489100,42656975.0,1.837,29.817124,2.857802
2022-04-07,28.4,28.65,27.82,27.88,2407849,67614655.67,2.9705,28.975302,2.777118
2022-04-08,27.85,28.25,27.4,27.96,1907878,53046066.2,2.3537,29.058445,2.785086
2022-04-11,27.76,27.76,25.62,26.12,3694535,98148560.34,4.5578,27.146158,2.601805
2022-04-12,26.03,26.38,25.1,26.28,2009354,51908360.12,2.4788,27.312444,2.617742
2022-04-13,26.2,26.21,25.37,25.37,1518500,38936020.0,1.8733,26.366693,2.527097
2022-04-14,25.41,26.04,25.41,25.62,1451804,37340298.04,1.791,26.626515,2.552
2022-04-15,25.86,25.86,25.03,25.15,1531650,38771092.96,1.8895,26.13805,2.505183
2022-04-18,24.94,25.6,24.51,25.42,1642188,41433767.6,2.0259,26.418657,2.532078
2022-04-19,25.05,25.72,25.05,25.45,1118250,28445230.5,1.3795,30.215632,2.442748
2022-04-20,25.47,26.55,25.4,26.08,3169900,82456144.35,3.9106,30.963602,2.503217
2022-04-21,26.15,26.49,24.9,24.93,2304708,59016616.2,2.8432,29.598259,2.392837
2022-04-22,24.74,24.74,23.79,23.85,2396229,57828674.57,2.9561,28.316024,2.289176
2022-04-25,23.4,23.4,21.47,21.49,3508100,78248849.0,4.3278,25.514103,2.062658
2022-04-26,21.23,21.75,20.15,20.22,2960503,62091645.1,3.6522,24.00629,1.940761
2022-04-27,20.0,21.53,19.5,21.49,3397216,70051528.0,4.191,25.514103,2.062658
2022-04-28,21.26,21.63,21.01,21.3,1865005,39775955.5,2.3008,25.288525,2.044422
2022-04-29,21.58,22.5,21.37,22.2,2186081,48269275.69,2.6969,26.357054,2.130806
2022-05-05,21.97,22.87,21.95,22.46,2099750,47374811.5,2.5904,26.66574,2.155761
2022-05-06,22.09,22.68,21.8,22.52,1950000,43657730.0,2.4056,26.736975,2.16152
2022-05-09,22.54,23.4,22.54,23.18,1877538,43370973.84,2.3162,27.520563,2.224868
2022-05-10,23.48,23.48,22.7,23.13,1597200,36797110.0,1.9704,27.461201,2.220069
2022-05-11,23.16,23.97,23.13,23.26,2212860,52260647.24,2.7299,27.615544,2.232547
2022-05-12,23.2,23.56,23.0,23.33,1454342,33809243.22,1.7942,27.698652,2.239266
2022-05-13,23.27,23.59,22.85,23.17,2251265,52120868.64,2.7773,27.508691,2.223908
2022-05-16,23.17,24.03,23.02,23.24,1810800,42584430.0,2.2339,27.591799,2.230627
2022-05-17,23.08,23.3,22.76,23.18,1274853,29362564.54,1.5727,27.520563,2.224868
2022-05-18,23.4,23.5,23.04,23.17,1097000,25491467.0,1.3533,27.508691,2.223908
2022-05-19,22.86,23.24,22.6,23.15,1463400,33568166.0,1.8053,27.484946,2.221989
2022-05-20,23.35,23.51,23.0,23.35,1544353,35974817.37,1.9052,27.722397,2.241185
2022-05-23,23.39,23.78,23.37,23.78,1463615,34457435.05,1.8056,28.232916,2.282458
2022-05-24,23.72,23.74,22.22,22.22,2265300,51999369.0,2.7946,26.380799,2.132725
2022-05-25,22.66,22.69,22.2,22.58,1356012,30393145.73,1.6728,26.808211,2.167279
2022-05-26,22.57,22.81,21.99,22.63,1360800,30540918.0,1.6788,26.867573,2.172078
2022-05-27,22.73,23.17,22.4,22.58,1750050,39796336.5,2.159,26.808211,2.167279
2022-05-30,22.72,22.85,22.34,22.7,1260715,28494492.4,1.5553,26.950681,2.178797
2022-05-31,22.6,23.05,22.39,22.93,1530900,34865265.0,1.8886,27.22375,2.200873
2022-06-01,22.97,23.59,22.79,23.32,2231150,51869786.0,2.7525,27.686779,2.238306
2022-06-02,23.32,23.86,23.1,23.8,2326650,54771288.5,2.8703,28.256661,2.284377
2022-06-06,24.05,24.64,23.88,24.49,2993554,72716972.74,3.693,29.075867,2.350605
2022-06-07,24.55,24.59,23.81,24.01,2186400,52629901.0,2.6973,28.505985,2.304533
2022-06-08,24.03,24.3,23.41,23.92,2046300,48757085.0,2.5244,28.399132,2.295895
2022-06-09,23.98,24.0,23.25,23.73,1804500,42515385.5,2.2261,28.173553,2.277658
2022-06-10,23.6,24.36,23.39,24.26,2192300,52673799.0,2.7045,28.802798,2.328529
2022-06-13,24.03,24.66,23.96,24.39,2136800,52076861.0,2.6361,28.957142,2.341007
2022-06-14,24.26,24.26,23.45,24.17,1798300,42935999.0,2.2185,28.695946,2.319891
2022-06-15,24.18,24.65,23.92,23.98,3027900,73360671.0,3.7354,28.470367,2.301654
2022-06-16,23.9,24.3,23.83,23.93,1647900,39638309.0,2.0329,28.411004,2.296855
2022-06-17,23.85,24.58,23.69,24.05,1536900,37067212.0,1.896,28.553475,2.308373
2022-06-20,24.12,24.6,24.05,24.21,2172664,52713500.92,2.6803,28.743436,2.32373
2022-06-21,24.34,24.34,23.3,23.7,2527158,60111259.19,3.1176,28.137936,2.274779
2022-06-22,23.94,24.35,23.65,23.71,2358594,56539100.28,2.9097,28.149808,2.275739
2022-06-23,23.68,24.18,23.28,24.11,2630454,62588172.63,3.2451,28.62471,2.314132
2022-06-24,24.23,25.92,24.1,25.43,6234027,155722118.56,7.6906,30.191886,2.440828
2022-06-27,25.5,25.65,25.1,25.21,3948795,99944438.55,4.8714,29.93069,2.419712
2022-06-28,25.14,25.45,24.92,25.32,2246337,56718320.12,2.7712,30.061288,2.43027
2022-06-29,25.24,25.42,24.5,24.52,2864068,71165501.7,3.5333,29.111485,2.353484
2022-06-30,24.56,25.0,24.56,24.67,1741640,43116334.5,2.1486,29.289573,2.367882
2022-07-01,24.68,24.83,24.44,24.59,1483223,36527313.06,1.8298,29.194593,2.360203
2022-07-04,24.65,24.76,24.14,24.6,1544200,37897703.0,1.905,29.206465,2.361163
2022-07-05,24.52,24.84,23.78,24.16,2539227,61638546.87,3.1325,28.684073,2.318931
2022-07-06,24.0,24.31,23.62,23.84,1846400,44229790.0,2.2778,28.304151,2.288216
2022-07-07,23.92,24.39,23.67,24.3,1849350,44523975.5,2.2815,28.850289,2.332368
2022-07-08,24.2,24.3,23.76,23.8,1784350,42734264.0,2.2013,28.256661,2.284377
2022-07-11,23.73,23.73,22.81,22.92,2286700,52827872.68,2.821,27.211877,2.199913
2022-07-12,23.06,23.1,22.44,22.5,1445100,32780950.0,1.7828,26.71323,2.1596
2022-07-13,22.59,22.66,22.35,22.49,907900,20435948.0,1.12,26.701358,2.15864
2022-07-14,22.47,23.1,22.4,22.69,1574000,35884679.0,1.9418,26.938809,2.177837
2022-07-15,22.69,22.89,22.51,22.56,1162811,26398162.37,1.4345,26.784466,2.165359
2022-07-18,22.41,22.92,22.41,22.83,1212400,27582080.0,1.4957,27.105024,2.191274
2022-07-19,22.83,23.5,22.71,23.38,1627911,37777305.46,2.0083,27.758014,2.244065
2022-07-20,23.38,23.58,23.2,23.5,1512233,35384036.58,1.8656,27.900485,2.255583
2022-07-21,23.5,23.59,23.16,23.29,1210900,28283431.0,1.4938,27.651161,2.235426
2022-07-22,23.48,24.06,23.38,23.6,2234100,52952941.0,2.7561,28.01921,2.265181
2022-07-25,23.42,23.66,22.96,22.96,1534800,35612927.0,1.8934,27.259367,2.203752
2022-07-26,22.99,24.27,22.88,23.93,2760100,65427632.0,3.405,28.411004,2.296855
2022-07-27,23.89,24.92,23.66,24.62,4042103,98725029.54,4.9866,29.23021,2.363083
2022-07-28,24.66,24.82,24.2,24.27,2346416,57194562.96,2.8947,28.814671,2.329489
2022-07-29,24.36,24.79,24.09,24.57,2710315,66216107.75,3.3436,29.170847,2.358284
2022-08-01,24.43,24.69,24.16,24.49,1616076,39518731.71,1.9937,29.075867,2.350605
2022-08-02,24.25,24.28,23.33,23.78,2253613,53670536.35,2.7802,28.232916,2.282458
2022-08-03,23.82,24.44,23.56,23.63,1911601,45919537.95,2.3583,28.054828,2.26806
2022-08-04,23.92,24.09,23.47,23.88,1455400,34620693.0,1.7955,28.351642,2.292056
2022-08-05,23.76,24.88,23.53,24.69,2915350,71172754.0,3.5965,29.313318,2.369801
2022-08-08,24.8,25.87,24.66,25.72,6813500,172847438.0,8.4055,30.767245,2.411911
2022-08-09,25.33,25.84,25.16,25.53,4243130,108278273.0,5.2346,30.53996,2.394094
2022-08-10,22.98,22.98,22.98,22.98,3122000,71743560.0,0.5075,27.489553,2.154965
2022-08-11,20.68,20.68,20.68,20.68,6287800,130031704.0,1.0221,24.738205,1.939281
2022-08-12,20.18,22.58,20.18,21.52,56305257,1185600278.0,9.1522,25.743045,2.018053
2022-08-15,21.11,22.75,21.11,22.01,27777076,610142757.0,4.515,26.329202,2.064003
2022-08-16,21.96,22.34,21.42,21.53,13781806,298830475.7,2.2402,25.755007,2.018991
2022-08-17,21.53,21.7,21.12,21.18,10641005,226307310.47,1.7296,25.336324,1.986169
2022-08-18,21.19,21.26,20.83,21.25,8765129,184227824.75,1.4247,25.420061,1.992734
2022-08-19,21.35,21.87,21.25,21.56,13298961,286543356.58,2.1617,25.790894,2.021804
2022-08-22,21.4,21.5,21.1,21.26,7712670,164080195.43,1.2537,25.432023,1.993671
2022-08-23,21.3,21.3,20.38,20.49,17667507,366761040.66,2.8718,24.51092,1.921464
2022-08-24,20.32,20.5,19.8,20.09,12088731,243415121.43,1.965,24.032424,1.883954
2022-08-25,20.1,20.27,19.93,20.23,6730501,135543445.82,1.094,24.199898,1.897082
2022-08-26,20.19,20.24,20.07,20.1,5460520,109903146.4,0.8876,24.044387,1.884891
2022-08-29,19.93,20.1,19.78,19.81,7810555,155436508.15,1.2696,23.697478,1.857697
2022-08-30,19.7,19.86,19.34,19.63,9946304,194574804.23,1.6167,23.482155,1.840817
2022-08-31,19.58,19.58,18.95,19.03,8810218,168913274.55,1.4321,22.764412,1.784551
2022-09-01,19.03,19.35,18.92,19.15,5451607,104412428.93,0.8861,22.90796,1.795805
2022-09-02,19.07,19.24,19.05,19.13,4264807,81639870.33,0.6932,22.884036,1.793929
2022-09-05,19.15,19.26,18.95,19.23,5388230,103059963.12,0.8758,23.003659,1.803307
2022-09-06,19.29,19.59,19.2,19.59,6656892,129543491.02,1.082,23.434305,1.837066
2022-09-07,19.5,21.25,19.46,20.67,17277778,352231208.73,2.8084,24.726242,1.938344
2022-09-08,20.68,20.82,19.95,20.03,9881118,200935475.03,1.6061,23.96065,1.878327
2022-09-09,20.03,20.3,19.96,20.09,5378126,108130111.52,0.8742,24.032424,1.883954
2022-09-13,20.25,20.25,19.81,19.91,4909709,98030861.32,0.7981,23.817101,1.867074
2022-09-14,19.55,19.72,19.51,19.71,4120286,80842774.06,0.6697,23.577854,1.848319
2022-09-15,19.85,19.85,19.1,19.21,5414444,104811649.52,0.8801,22.979735,1.801431
2022-09-16,19.2,19.33,19.03,19.13,4520355,86603109.66,0.7348,22.884036,1.793929
2022-09-19,19.13,19.16,18.4,18.4,6912356,128746827.97,1.1236,22.010782,1.725473
2022-09-20,18.42,18.65,18.4,18.49,3491056,64616880.44,0.5675,22.118443,1.733913
2022-09-21,18.39,18.55,18.0,18.48,4782616,87333582.24,0.7774,22.106481,1.732975
2022-09-22,18.3,18.87,18.28,18.57,4525440,84528158.54,0.7356,22.214142,1.741415
2022-09-23,18.57,18.68,18.1,18.11,4256398,78002435.76,0.6919,21.663873,1.698278
2022-09-26,18.02,18.02,17.19,17.27,6435597,112994324.23,1.0461,20.659033,1.619506
2022-09-27,17.18,17.57,17.18,17.55,5587522,97375257.18,0.9082,20.993979,1.645763
2022-09-28,17.39,17.54,16.98,16.99,4705612,81166434.94,0.7649,20.324086,1.593249
2022-09-29,17.13,17.26,16.79,16.82,5236087,88986720.43,0.8511,20.120726,1.577307
2022-09-30,16.77,16.85,16.38,16.55,5676830,94043116.2,0.9227,19.797741,1.551988
2022-10-10,16.55,16.77,15.8,15.91,7258946,117372725.54,1.1799,19.032149,1.491971
2022-10-11,15.9,16.25,15.88,16.17,5977402,96193307.84,0.9716,19.343171,1.516353
2022-10-12,16.12,16.66,16.08,16.64,6903798,113027531.5,1.1222,19.905403,1.560428
2022-10-13,16.63,17.09,16.51,16.88,5581766,94151627.88,0.9073,20.1925,1.582934
2022-10-14,16.93,17.21,16.93,17.13,5009336,85778383.16,0.8142,20.491559,1.606378
2022-10-17,17.09,17.48,16.9,17.26,6853683,118172327.63,1.114,20.64707,1.618569
2022-10-18,17.31,17.35,17.03,17.07,5471914,93827866.34,0.8894,20.419785,1.600751
2022-10-19,17.07,17.18,16.76,16.77,5705976,96606553.68,0.9275,20.060914,1.572618
2022-10-20,16.78,17.0,16.45,16.73,6634491,111075157.56,1.0784,20.013064,1.568867
2022-10-21,16.84,16.91,16.6,16.67,4387274,73429980.44,0.7131,19.94129,1.563241
2022-10-24,16.6,17.27,16.3,16.57,6559878,110612216.12,1.0663,19.821666,1.553863
2022-10-25,16.61,16.61,15.84,15.94,10841212,174441565.15,1.7622,19.323674,1.495688
2022-10-26,16.0,17.49,15.96,17.0,18328940,310754292.3,2.9793,20.608686,1.59515
2022-10-27,16.9,17.75,16.8,17.25,15335975,263921818.89,2.4928,20.911755,1.618608
2022-10-28,17.1,17.12,16.43,16.52,10894475,182215490.07,1.7708,20.026794,1.55011
2022-10-31,16.62,16.98,16.46,16.65,7068715,118349610.32,1.149,20.18439,1.562309
2022-11-01,16.79,17.1,16.72,17.1,8586190,145337858.18,1.3956,20.729914,1.604533
2022-11-02,17.03,17.47,16.93,17.27,10305412,178086134.12,1.6751,20.936,1.620485
2022-11-03,17.12,17.33,17.06,17.21,6457370,111079730.68,1.0496,20.863264,1.614855
2022-11-04,17.24,17.55,17.22,17.51,10776306,187565472.84,1.7516,21.226947,1.643004
2022-11-07,17.35,17.88,17.35,17.63,9578083,169213043.69,1.5569,21.37242,1.654264
2022-11-08,17.86,19.36,17.55,18.74,29630456,548935409.85,4.8163,22.718046,1.758418
2022-11-09,18.7,20.61,18.7,20.61,40830157,814725457.31,6.6368,24.985001,1.933885
2022-11-10,21.25,22.62,19.95,20.44,68748409,1465935365.75,11.1748,24.778914,1.917933
2022-11-11,20.45,21.0,19.84,19.86,35400700,723039204.68,5.7542,24.075794,1.86351
2022-11-14,19.86,20.03,19.0,19.21,25015855,486154460.9,4.0662,23.287815,1.802519
2022-11-15,19.51,19.81,18.9,19.76,20834699,406670498.21,3.3866,24.205003,1.873511
2022-11-16,19.73,20.17,19.45,19.99,21462889,425282388.66,3.4887,24.486741,1.895318
2022-11-17,19.96,20.08,19.27,19.64,13946582,273480770.36,2.267,24.058009,1.862134
2022-11-18,19.9,21.3,19.55,20.78,33525353,695252152.17,5.4494,25.454451,1.970221
2022-11-21,20.77,21.45,20.4,21.0,23917901,499936146.46,3.8878,25.72394,1.99108
2022-11-22,21.13,21.5,20.35,20.54,18961142,396362915.61,3.0821,25.160463,1.947466
2022-11-23,20.29,20.51,19.47,19.9,13346308,264908474.5,2.1694,24.376496,1.886785
2022-11-24,19.95,21.89,19.77,21.89,46150577,988908965.96,7.5016,26.814145,2.075464
2022-11-25,21.57,21.94,20.78,21.29,34981567,746392826.94,5.6861,26.079176,2.018576
2022-11-28,20.91,22.98,20.85,22.26,30233646,671147741.14,4.9143,27.267377,2.110545
2022-11-29,22.14,23.78,22.06,23.49,27475690,641041921.9,4.4661,28.774065,2.227165
2022-11-30,23.55,24.85,23.55,24.59,37004504,904921700.76,6.0149,30.121509,2.33146
2022-12-01,24.45,24.9,23.5,23.77,21983380,531466396.9,3.5733,29.11705,2.253713
2022-12-02,23.8,24.96,23.65,24.12,18636568,455191500.92,3.0293,29.545783,2.286898
2022-12-05,24.2,24.48,23.37,23.45,16594192,394075763.82,2.6973,28.725067,2.223373
2022-12-06,23.38,23.75,22.86,23.15,13818348,320024994.7,2.2461,28.357582,2.194929
2022-12-07,23.06,24.38,22.78,23.09,19319253,455599097.18,3.1403,28.284085,2.18924
2022-12-08,23.1,23.5,22.58,22.68,14801020,338906201.61,2.4058,27.781855,2.150366
2022-12-09,22.73,23.2,22.37,23.05,15016076,342568850.46,2.4408,28.235087,2.185447
2022-12-12,23.1,23.57,22.7,23.16,12520673,291069075.72,2.0352,28.369831,2.195877
2022-12-13,23.3,23.3,22.68,22.9,8165663,186689733.13,1.3273,28.051344,2.171225
2022-12-14,22.91,23.06,22.52,22.67,6407118,145416239.54,1.0414,27.769606,2.149418
2022-12-15,22.66,22.69,22.17,22.27,10052152,224322979.08,1.6339,27.279626,2.111493
2022-12-16,22.28,22.63,21.88,22.05,10044899,223376631.04,1.6328,27.010137,2.090634
2022-12-19,22.68,22.88,21.96,22.36,13478023,301023116.43,2.1908,27.389872,2.120026
2022-12-20,22.03,22.35,21.69,22.3,9860149,216740385.72,1.6027,27.316375,2.114337
2022-12-21,22.35,23.23,22.35,23.2,14308895,328788529.96,2.3258,28.418829,2.199669
2022-12-22,23.2,23.36,21.32,21.5,17836396,394047974.46,2.8992,26.336415,2.038487
2022-12-23,21.05,22.2,21.05,21.61,9288851,202094423.57,1.5099,26.471159,2.048916
2022-12-26,21.63,22.32,21.4,22.25,10350040,226903023.47,1.6824,27.255127,2.109597
2022-12-27,22.28,22.67,21.95,22.52,8634582,193984163.46,1.4035,27.585863,2.135196
2022-12-28,22.52,22.58,21.4,21.5,8363997,181968300.18,1.3595,26.336415,2.038487
2022-12-29,21.52,21.89,21.47,21.72,5335285,115943729.67,0.8672,26.605904,2.059346
2022-12-30,21.7,21.87,20.98,21.39,7700056,163885131.53,1.2516,26.20167,2.028057
2023-01-03,21.35,22.36,21.31,22.12,5385821,118206200.14,0.8754,27.095884,2.097271
2023-01-04,22.18,22.2,21.5,21.64,6718358,145547061.98,1.092,26.507908,2.05176
2023-01-05,21.64,22.8,21.52,22.54,7936573,176851282.68,1.2901,27.610362,2.137092
2023-01-06,22.6,23.46,22.41,23.09,10527944,243142890.15,1.7113,28.284085,2.18924
2023-01-09,23.12,23.2,22.69,22.89,6310123,144955182.77,1.0257,28.039095,2.170277
2023-01-10,22.8,22.85,22.17,22.26,7094030,158617908.57,1.1531,27.267377,2.110545
2023-01-11,22.32,22.52,21.72,21.77,6163652,135922554.14,1.0019,26.667151,2.064086
2023-01-12,21.77,22.27,21.77,22.18,5018247,111054939.49,0.8157,27.169381,2.10296
2023-01-13,22.24,23.01,22.04,22.86,7983035,182055292.89,1.2976,28.002346,2.167433
2023-01-16,22.82,22.85,22.17,22.28,7173794,160832645.55,1.1661,27.291876,2.112441
2023-01-17,22.25,22.29,21.88,22.01,4267711,94154655.8,0.6937,26.961139,2.086841
2023-01-18,22.03,22.25,21.95,22.22,2830057,62624265.62,0.46,27.218379,2.106752
2023-01-19,22.23,22.23,21.34,21.7,9107121,196515735.3,1.4803,26.581405,2.057449
2023-01-20,21.65,22.05,21.6,21.68,5131446,111900469.28,0.8341,26.556906,2.055553
2023-01-30,22.02,23.23,22.02,22.64,10584505,241376562.56,1.7205,27.732857,2.146574
2023-01-31,22.65,22.83,22.41,22.79,4128770,93774127.38,0.6711,27.9166,2.160796
2023-02-01,22.8,24.18,22.79,23.9,16747291,397899120.0,2.7222,29.276294,2.266039
2023-02-02,23.87,24.5,23.74,23.91,8475557,204222208.57,1.3777,29.288543,2.266987
2023-02-03,24.18,24.2,23.56,23.94,5952798,141509711.64,0.9676,29.325292,2.269831
2023-02-06,23.71,23.9,23.4,23.54,5810678,137302910.5,0.9445,28.835312,2.231906
2023-02-07,23.63,23.92,23.43,23.56,4067595,96058104.93,0.6612,28.859811,2.233802
2023-02-08,23.55,24.0,23.5,23.82,5927709,141064811.85,0.9635,29.178298,2.258454
2023-02-09,23.66,24.3,23.65,24.2,7357658,176882706.54,1.196,29.643779,2.294483
2023-02-10,24.18,25.17,24.02,24.5,15779406,391240871.08,2.5649,30.011264,2.322927
2023-02-13,24.5,24.64,23.93,24.36,8434835,204352870.28,1.371,29.839771,2.309653
2023-02-14,24.3,24.56,24.13,24.39,5444449,132298449.41,0.885,29.876519,2.312497
2023-02-15,24.31,24.43,23.75,24.01,5826344,140327635.06,0.947,29.411038,2.276468
2023-02-16,24.01,24.21,23.0,23.27,7473752,176161622.82,1.2148,28.504576,2.206306
2023-02-17,23.32,23.53,22.84,22.97,6157010,141766778.48,1.0008,28.137091,2.177862
2023-02-20,22.81,23.15,22.44,23.0,7590238,173432500.98,1.2338,28.173839,2.180707
2023-02-21,23.09,23.48,22.71,23.0,5038884,116168864.08,0.819,28.173839,2.180707
2023-02-22,22.95,23.56,22.83,23.33,5637604,131413250.38,0.9164,28.578073,2.211995
2023-02-23,23.33,23.41,22.89,23.15,3820336,88308116.58,0.621,28.357582,2.194929
2023-02-24,23.22,23.45,22.73,23.0,5199300,119442178.0,0.8451,28.173839,2.180707
2023-02-27,22.91,23.17,22.45,22.5,4296591,97502835.01,0.6984,27.561364,2.1333
2023-02-28,22.49,22.69,22.24,22.5,3610910,80922874.76,0.5869,27.561364,2.1333
2023-03-01,22.68,22.88,22.52,22.71,3752594,85228357.66,0.61,25.395279,2.153211
2023-03-02,22.65,22.85,21.7,21.91,8942054,197601008.48,1.4535,24.500685,2.07736
2023-03-03,21.91,22.07,21.6,21.92,4154021,90738328.65,0.6752,24.511868,2.078308
2023-03-06,21.93,22.17,21.74,22.02,5243562,115170859.52,0.8523,24.623692,2.08779
2023-03-07,21.99,22.07,21.3,21.32,6056918,130348588.84,0.9845,23.840922,2.02142
2023-03-08,21.32,21.44,20.95,21.4,7424275,157417799.51,1.2068,23.930382,2.029005
2023-03-09,21.49,21.88,21.4,21.68,6302880,136691878.2,1.0245,24.24349,2.055553
2023-03-10,21.5,21.57,21.08,21.16,4138800,87875509.0,0.6727,23.662004,2.00625
2023-03-13,21.33,21.45,20.9,20.92,5685400,119788106.0,0.9241,23.393626,1.983495
2023-03-14,20.86,21.09,20.11,20.22,8945609,182347125.92,1.4541,22.610856,1.917126
2023-03-15,20.42,21.06,20.42,20.8,6753727,140819131.64,1.0978,23.259437,1.972117
2023-03-16,20.62,20.79,20.32,20.38,5446126,111607431.02,0.8852,22.789775,1.932296
2023-03-17,20.6,20.75,20.49,20.55,4922036,101516916.69,0.8001,22.979876,1.948414
2023-03-20,20.63,20.63,19.76,20.22,7747483,155607258.7,1.2593,22.610856,1.917126
2023-03-21,20.32,20.47,20.1,20.43,4609913,93757203.28,0.7493,22.845687,1.937036
2023-03-22,20.56,20.59,20.36,20.42,3401236,69616558.34,0.5529,22.834505,1.936088
2023-03-23,20.5,20.5,20.13,20.31,4781873,96852966.45,0.7773,22.711498,1.925659
2023-03-24,20.36,20.49,19.98,20.03,7239226,145858307.07,1.1767,22.39839,1.899111
2023-03-27,20.02,20.03,19.51,19.83,6597687,130533191.11,1.0724,22.174742,1.880148
2023-03-28,19.92,20.01,19.53,19.59,5411100,106614705.0,0.8796,21.906364,1.857393
2023-03-29,19.6,19.7,19.18,19.23,8627681,166741666.48,1.4024,21.503796,1.82326
2023-03-30,19.28,19.4,18.99,19.25,6282869,120294827.07,1.0213,21.526161,1.825157
2023-03-31,19.28,19.83,19.2,19.55,7487173,146931924.95,1.217,21.861634,1.853601
2023-04-03,19.7,19.8,19.53,19.72,6009973,118225523.15,0.9769,22.051735,1.869719
2023-04-04,19.66,19.73,19.4,19.52,5485976,107066677.92,0.8917,21.828087,1.850756
2023-04-06,19.29,20.18,19.29,19.85,8566390,169976229.28,1.3924,22.197107,1.882045
2023-04-07,19.91,20.48,19.91,20.22,7026316,142227577.68,1.1421,22.610856,1.917126
2023-04-10,20.33,20.38,19.81,19.93,5126895,102343455.72,0.8334,22.286566,1.88963
2023-04-11,20.05,20.35,19.94,20.33,8195115,165758030.76,1.3321,22.627387,1.877282
2023-04-12,20.27,20.58,19.83,20.01,8955514,179998942.66,1.4557,22.271225,1.847733
2023-04-13,20.0,20.27,19.71,19.73,9184019,183122305.5,1.4928,21.959584,1.821878
2023-04-14,19.73,20.17,19.6,19.64,9842184,194950780.89,1.5998,21.859413,1.813567
2023-04-17,19.69,20.27,19.68,20.2,12904086,258549293.3,2.0975,22.482696,1.865278
2023-04-18,20.4,22.22,20.3,22.04,37846765,815410154.65,6.1518,24.530625,2.035184
2023-04-19,22.0,23.6,21.75,23.1,48108553,1088038575.17,7.8198,25.71041,2.133065
2023-04-20,22.98,23.45,22.72,23.0,30253612,696743500.13,4.9176,25.599109,2.123831
2023-04-21,23.38,24.28,22.33,22.44,28248877,650446818.99,4.5917,24.975827,2.07212
2023-04-24,22.44,22.82,21.76,22.1,20538549,456636371.7,3.3385,24.597405,2.040725
2023-04-25,22.18,22.21,19.89,19.89,26922881,550571906.44,4.3762,22.057502,1.807542
2023-04-26,19.5,19.63,18.68,18.89,24983749,477826304.78,4.061,20.948527,1.716666
2023-04-27,18.81,20.25,18.81,20.19,22903324,454020651.07,3.7228,22.390194,1.834806
2023-04-28,20.2,20.36,19.81,20.0,10265237,205545832.07,1.6686,22.179489,1.817539
2023-05-04,19.85,20.89,19.85,20.13,8884798,180829964.8,1.4442,22.323656,1.829353
2023-05-05,20.13,20.15,19.13,19.41,9358467,182502605.0,1.5212,21.525194,1.763922
2023-05-08,19.4,19.5,19.17,19.22,8855446,170706350.0,1.4394,21.314489,1.746655
2023-05-09,19.22,19.22,18.66,18.7,10564439,198860351.61,1.7172,20.737822,1.699399
2023-05-10,18.97,19.41,18.82,18.9,10434616,198762793.54,1.6961,20.959617,1.717574
2023-05-11,18.96,19.6,18.81,19.36,9122664,175722034.11,1.4828,21.469745,1.759378
2023-05-12,19.36,19.4,18.71,18.73,6548780,124112295.29,1.0645,20.771092,1.702125
2023-05-15,18.81,18.86,18.1,18.52,9034364,166712013.04,1.4685,20.538207,1.683041
2023-05-16,18.56,18.59,18.16,18.39,6270663,114987089.72,1.0193,20.39404,1.671227
2023-05-17,18.33,18.83,18.29,18.58,5737819,106451830.09,0.9327,20.604745,1.688494
2023-05-18,18.58,19.18,18.55,19.01,7774038,147360053.44,1.2636,21.081604,1.727571
2023-05-19,19.08,19.21,18.76,19.13,5264002,100055165.3,0.8556,21.214681,1.738476
2023-05-22,19.1,19.3,18.83,19.19,5742688,109536784.09,0.9334,21.28122,1.743929
2023-05-23,19.18,19.9,19.13,19.43,8649562,169391303.32,1.4059,21.547374,1.765739
2023-05-24,19.53,19.85,19.26,19.48,6761745,132431175.62,1.0991,21.602822,1.770283
2023-05-25,19.5,19.89,19.28,19.4,8466240,165657413.5,1.3762,21.514104,1.763013
2023-05-26,19.4,20.25,19.05,19.93,9638115,189771808.07,1.5666,22.101861,1.811178
2023-05-29,20.6,21.55,20.38,20.46,21174658,438337697.04,3.4418,22.689617,1.859342
2023-05-30,20.47,20.47,19.4,20.0,13516189,268703182.84,2.197,22.179489,1.817539
2023-05-31,19.73,19.93,19.07,19.25,8742504,169773136.5,1.4211,21.347758,1.749381
2023-06-01,19.3,20.03,19.1,19.56,10795040,210360062.36,1.7547,21.69154,1.777553
2023-06-02,19.66,21.03,19.56,20.63,15104113,310286490.0,2.4551,22.878143,1.874791
2023-06-05,20.63,20.9,20.28,20.65,8560002,176298676.52,1.3914,22.900322,1.876609
2023-06-06,20.57,20.64,19.85,19.87,8211632,165387713.6,1.3348,22.035322,1.805725
2023-06-07,19.81,20.05,19.6,19.73,4963508,98385826.44,0.8068,21.880066,1.793002
2023-06-08,19.73,19.79,19.2,19.32,4933938,95791681.06,0.802,21.425386,1.755743
2023-06-09,19.22,19.44,19.02,19.2,7477527,143517429.3,1.2154,21.29231,1.744837
2023-06-12,19.23,19.72,19.06,19.65,5466520,106432046.16,0.8886,21.791348,1.785732
2023-06-13,19.49,19.6,19.07,19.14,5986697,115058488.86,0.9731,21.225771,1.739385
2023-06-14,19.2,20.46,19.0,20.18,13590049,270130556.24,2.209,22.379104,1.833897
2023-06-15,20.65,22.2,20.56,21.94,50269584,1099826079.68,8.1711,24.3309,1.99384
2023-06-16,21.5,21.5,20.29,20.53,37349302,773641542.18,6.071,22.767246,1.865704
2023-06-19,20.6,20.94,20.47,20.77,21115682,436968922.78,3.4323,23.033399,1.887514
2023-06-20,20.62,22.37,20.61,21.5,27225534,591041816.05,4.4254,23.842951,1.953854
2023-06-21,21.3,22.25,21.3,21.81,20844818,458067463.95,3.3882,24.186733,1.982026
2023-06-26,21.8,22.06,20.65,20.93,16136184,341258632.18,2.6229,23.210835,1.902055
2023-06-27,20.89,21.4,20.68,21.12,9355776,196849582.18,1.5207,23.42154,1.919321
2023-06-28,21.13,21.14,20.38,20.84,8990308,185962830.68,1.4613,23.111028,1.893876
2023-06-29,20.81,21.3,20.72,21.01,8567329,180445985.62,1.3926,23.299553,1.909325
2023-06-30,21.1,21.87,21.1,21.74,12689405,273497216.47,2.0626,24.109105,1.975665
2023-07-03,21.74,22.19,21.58,22.06,12447383,273341709.27,2.0233,24.463976,2.004745
2023-07-04,22.16,22.36,21.88,22.06,9775937,215963274.36,1.589,24.463976,2.004745
2023-07-05,22.2,22.9,22.03,22.64,17761516,399813074.34,2.8871,25.107182,2.057454
2023-07-06,22.64,24.18,22.55,23.99,35127003,834918518.91,5.7097,26.604297,2.180138
2023-07-07,24.32,24.69,23.35,23.66,22319609,532654396.33,3.628,26.238336,2.150149
2023-07-10,24.3,25.01,23.83,24.24,30142562,739982644.18,4.8995,26.881541,2.202857
2023-07-11,24.56,24.89,23.7,24.75,20637368,504442245.28,3.3545,27.447118,2.249204
2023-07-12,24.55,25.37,23.98,24.1,27157730,670638788.5,4.4144,26.726284,2.190134
2023-07-13,24.33,25.25,24.1,25.05,27954574,694603807.36,4.5439,27.77981,2.276468
2023-07-14,25.19,27.56,24.96,27.06,56272147,1499866251.36,9.1468,30.008849,2.45913
2023-07-17,27.3,28.07,26.71,27.45,37427670,1026106826.98,6.0837,30.441349,2.494572
2023-07-18,27.39,28.03,26.3,26.44,24202437,651757043.99,3.934,29.321285,2.402786
2023-07-19,26.75,27.2,26.0,26.21,21311921,565853862.03,3.4642,29.06622,2.381885
2023-07-20,26.1,26.55,25.46,25.56,17906320,463682634.78,2.9106,28.345387,2.322815
2023-07-21,25.1,25.6,24.8,25.1,19230113,483247209.96,3.1258,27.835259,2.281011
2023-07-24,25.0,25.86,24.59,24.85,21365040,535626507.5,3.4728,27.558015,2.258292
2023-07-25,24.81,25.1,24.4,24.71,12591108,311429247.6,2.0466,27.402759,2.245569
2023-07-26,24.78,24.92,24.18,24.32,9688101,237119701.14,1.5748,26.970259,2.210127
2023-07-27,24.38,24.45,23.3,23.56,20699611,490631224.38,3.3646,26.127438,2.141061
2023-07-28,23.59,23.77,23.13,23.3,11873533,277211582.79,1.93,25.839105,2.117433
2023-07-31,23.3,23.3,22.81,23.13,11719611,269942509.5,1.905,25.650579,2.101984
2023-08-01,23.1,23.76,22.97,23.27,16290320,380220643.26,2.6479,25.805836,2.114707
2023-08-02,23.16,23.54,23.16,23.32,7262054,169276713.38,1.1804,25.861284,2.11925
2023-08-03,23.24,23.39,23.03,23.21,4687604,108688919.22,0.7619,25.739297,2.109254
2023-08-04,23.21,23.69,23.09,23.2,9469647,220826820.1,1.5392,25.728207,2.108345
2023-08-07,23.23,23.37,22.8,22.93,9605756,220701943.03,1.5614,25.428784,2.083808
2023-08-08,22.92,22.96,22.24,22.73,12189564,274761199.01,1.9814,25.206989,2.065633
2023-08-09,22.68,22.83,22.51,22.66,5462474,123898801.99,0.8879,25.129361,2.059272
2023-08-10,22.62,22.8,22.32,22.5,5104613,114803099.39,0.8297,24.951925,2.044731
2023-08-11,22.64,22.74,22.16,22.19,7091843,158769699.27,1.1527,24.608143,2.016559
2023-08-14,22.01,22.18,21.77,21.96,5615654,123152763.57,0.9128,24.353079,1.995658
2023-08-15,22.01,22.19,21.4,21.61,7489206,162357774.4,1.2173,23.964938,1.963851
2023-08-16,21.61,21.65,21.1,21.12,6508287,138459337.42,1.0579,23.42154,1.919321
2023-08-17,21.12,21.73,20.86,21.33,7177603,152989086.04,1.1667,23.654425,1.938405
2023-08-18,21.33,21.51,21.07,21.08,4598965,97841235.18,0.7475,23.377181,1.915686
2023-08-21,21.08,21.44,20.91,20.98,5177312,109719245.45,0.8415,23.266284,1.906598
2023-08-22,21.1,21.72,20.86,21.38,9780603,208241667.16,1.5898,23.709874,1.942949
2023-08-23,21.2,21.49,20.86,20.88,7868498,165409327.03,1.279,23.155387,1.897511
2023-08-24,21.04,21.3,20.67,21.17,7123200,149633430.29,1.1578,23.476989,1.923865
2023-08-25,21.13,21.18,20.53,20.56,7352966,152388048.08,1.1952,22.800515,1.86843
2023-08-28,21.5,21.56,20.7,20.77,10050454,212385714.92,1.6337,23.768009,1.880307
2023-08-29,20.8,21.25,20.75,21.05,10975278,230235129.92,1.784,24.088426,1.905656
2023-08-30,21.05,21.64,21.05,21.34,11049876,235983652.78,1.7961,24.420285,1.931909
2023-08-31,21.3,21.6,21.2,21.52,7732572,165678797.09,1.2569,24.626267,1.948205
2023-09-01,21.62,21.68,20.98,21.06,9222400,195451190.26,1.4991,24.099869,1.906561
2023-09-04,21.13,21.34,20.85,21.34,5641265,119052599.37,0.917,24.420285,1.931909
2023-09-05,21.25,21.65,21.22,21.48,9467309,203587812.68,1.5389,24.580493,1.944583
2023-09-06,21.32,22.03,21.01,21.97,13308210,288067523.33,2.1632,25.141221,1.988943
2023-09-07,21.9,21.9,21.07,21.15,15380539,328659985.32,2.5,24.20286,1.914709
2023-09-08,21.18,21.79,21.08,21.58,10416715,224412911.62,1.6932,24.694928,1.953636
2023-09-11,21.46,21.84,21.28,21.57,9440265,203106404.16,1.5345,24.683484,1.952731
2023-09-12,21.42,22.55,21.31,22.4,19989254,440842383.28,3.2492,25.633289,2.027871
2023-09-13,22.6,23.02,21.94,22.28,17287038,386918615.01,2.8099,25.495968,2.017007
2023-09-14,22.27,22.27,21.31,21.5,12128907,262533169.03,1.9715,24.60338,1.946394
2023-09-15,21.49,22.0,21.49,21.9,10102685,220368963.66,1.6421,25.061117,1.982606
2023-09-18,21.75,21.99,21.5,21.75,7445194,161994950.1,1.2102,24.889466,1.969027
2023-09-19,21.68,21.68,21.0,21.01,10292225,217844516.55,1.673,24.042652,1.902034
2023-09-20,20.98,21.54,20.85,21.04,5878791,124559089.46,0.9556,24.076982,1.90475
2023-09-21,21.04,21.4,20.8,20.91,5318190,112103069.57,0.8644,23.928218,1.892981
2023-09-22,20.8,22.0,20.77,22.0,14970880,322705084.98,2.4335,25.175552,1.991659
2023-09-25,22.63,23.64,22.43,22.97,31052648,719265102.96,5.0475,26.285565,2.079473
2023-09-26,22.86,23.11,22.3,22.87,15436203,351783943.54,2.5091,26.17113,2.07042
2023-09-27,22.87,22.87,22.4,22.4,9022244,203613640.24,1.4665,25.633289,2.027871
2023-09-28,22.42,23.29,22.4,23.2,16618477,381459457.82,2.7013,26.548764,2.100295
2023-10-09,23.3,23.53,22.96,23.24,10704720,248756651.87,1.74,26.594537,2.103916
2023-10-10,23.24,23.95,23.05,23.3,12247076,288437997.22,1.9907,26.663198,2.109348
2023-10-11,23.22,23.54,22.52,22.67,14290121,327876161.23,2.3228,25.942262,2.052314
2023-10-12,22.6,22.79,22.48,22.51,7828904,176824573.92,1.2726,25.759167,2.037829
2023-10-13,22.5,22.65,22.25,22.32,8298041,186152238.86,1.3488,25.541742,2.020629
2023-10-16,22.27,22.3,21.59,21.81,11007188,240398262.11,1.7892,24.958126,1.974458
2023-10-17,21.71,22.07,21.7,21.91,4526423,99060073.32,0.7358,25.072561,1.983511
2023-10-18,21.95,22.5,21.52,21.53,9151500,200930053.0,1.4875,24.63771,1.94911
2023-10-19,21.78,22.1,21.41,21.47,9550100,207596562.49,1.5523,24.56905,1.943678
2023-10-20,21.37,21.6,21.05,21.25,5183136,110346974.96,0.8425,24.317294,1.923762
2023-10-23,21.06,21.15,20.31,20.41,7657970,157856302.94,1.2448,23.356046,1.847716
2023-10-24,20.38,20.79,20.16,20.36,7822889,159711177.2,1.2716,23.298829,1.84319
2023-10-25,20.46,20.82,20.28,20.52,6853861,140932966.18,1.1141,23.481924,1.857675
2023-10-26,20.48,20.48,20.03,20.42,5819600,117919825.0,0.946,23.367489,1.848622
2023-10-27,20.4,20.75,20.16,20.7,7503005,153777937.42,1.2196,23.687905,1.87397
2023-10-30,20.85,21.8,20.6,21.6,12312622,261348714.94,2.0014,23.899586,1.915923
2023-10-31,21.5,22.05,21.42,21.75,7421659,161003970.58,1.2064,24.065555,1.929228
2023-11-01,22.16,22.16,21.62,21.82,8150937,178065265.15,1.3249,24.143008,1.935437
2023-11-02,21.95,21.95,20.91,20.96,7801300,166175378.0,1.2681,23.19145,1.859155
2023-11-03,20.95,21.85,20.92,21.78,9363997,202225543.05,1.5221,24.098749,1.931889
2023-11-06,22.15,22.2,21.58,21.68,11010704,240121628.08,1.7897,23.988103,1.923019
2023-11-07,21.7,22.03,21.55,21.76,7816100,170470269.0,1.2705,24.07662,1.930115
2023-11-08,21.75,21.82,21.3,21.52,10681651,229798608.24,1.7363,23.811069,1.908827
2023-11-09,21.58,22.65,21.47,22.36,23468534,522695836.78,3.8147,24.790903,1.987376
2023-11-10,22.3,22.39,21.9,22.12,8523952,188911652.02,1.3855,24.524811,1.966045
2023-11-13,22.51,22.6,22.08,22.38,9435045,210850959.91,1.5336,24.813077,1.989154
2023-11-14,22.41,22.49,22.04,22.2,8298786,184464840.06,1.3489,24.613508,1.973155
2023-11-15,22.36,22.88,22.12,22.76,12144943,275530876.19,1.9741,25.234389,2.022928
2023-11-16,22.76,22.76,22.11,22.2,9271981,207375496.0,1.5071,24.613508,1.973155
2023-11-17,22.24,22.86,22.12,22.82,10609889,239638750.76,1.7246,25.300912,2.028261
2023-11-20,23.2,23.34,22.55,23.09,12699925,291248489.68,2.0643,25.600266,2.052259
2023-11-21,23.14,23.28,22.68,22.75,7591306,174189517.05,1.2339,25.223302,2.02204
2023-11-22,22.7,22.74,21.95,21.99,9653900,214704641.0,1.5692,24.380678,1.95449
2023-11-23,21.99,22.45,21.9,22.33,6315600,140650380.0,1.0266,24.757641,1.98471
2023-11-24,22.48,22.5,22.08,22.3,5707494,127020544.53,0.9277,24.718864,1.981601
2023-11-27,22.37,22.37,21.86,22.22,4848605,107143345.01,0.7881,24.630187,1.974492
2023-11-28,22.22,23.1,22.16,23.06,11958719,273091675.35,1.9438,25.561301,2.049135
2023-11-29,23.23,23.23,22.6,22.71,6214129,141939132.69,1.0101,25.173337,2.018034
2023-11-30,22.71,22.95,22.36,22.5,5088253,114899420.96,0.8271,24.940558,1.999373
2023-12-01,22.58,23.33,22.52,23.07,11605408,267206454.24,1.8864,25.572385,2.050024
2023-12-04,23.15,23.44,22.86,22.97,6937279,160558921.46,1.1276,25.461539,2.041138
2023-12-05,23.04,23.13,22.7,22.7,6145625,140643144.17,0.9989,25.162252,2.017145
2023-12-06,22.7,22.95,22.42,22.66,6567962,149252398.89,1.0676,25.117913,2.013591
2023-12-07,22.8,22.8,22.15,22.48,6133945,137353695.11,0.997,24.918389,1.997596
2023-12-08,22.52,23.11,22.35,22.83,9406944,214394246.08,1.5291,25.306353,2.028697
2023-12-11,22.82,23.09,22.45,23.0,9771859,223136086.97,1.5884,25.494793,2.043804
2023-12-12,22.98,23.77,22.9,23.45,12697077,298408343.4,2.0639,25.993604,2.083791
2023-12-13,23.46,23.54,23.19,23.26,5320000,124170022.78,0.8647,25.782995,2.066908
2023-12-14,23.39,23.76,23.21,23.41,9078530,213044279.17,1.4757,25.949265,2.080237
2023-12-15,23.49,23.54,23.0,23.18,6068131,140995387.43,0.9863,25.694317,2.059799
2023-12-18,23.14,23.3,22.71,22.78,4692396,107631796.28,0.7627,25.250929,2.024254
2023-12-19,22.8,23.2,22.68,23.08,5462646,125469119.72,0.8879,25.58347,2.050913
2023-12-20,23.18,23.18,22.39,22.51,6438500,145822522.0,1.0466,24.951643,2.000262
2023-12-21,22.54,22.75,22.13,22.69,5151100,115862660.72,0.8373,25.151167,2.016257
2023-12-22,22.68,22.9,22.5,22.71,3469384,78717963.36,0.5639,25.173337,2.018034
2023-12-25,22.6,22.85,22.41,22.58,3419932,77151661.36,0.5559,25.029236,2.006482
2023-12-26,22.64,22.64,21.28,21.37,10025296,217566187.02,1.6296,23.687988,1.89896
2023-12-27,21.37,22.06,21.17,21.97,6135682,133657842.74,0.9973,24.353069,1.952277
2023-12-28,21.97,22.46,21.75,22.19,5119161,113449327.34,0.8321,24.596933,1.971826
2023-12-29,22.19,22.59,22.12,22.38,5546616,124004242.43,0.9016,24.807542,1.98871
2024-01-02,22.4,22.98,22.2,22.77,6534100,148763267.31,1.0621,25.239845,2.023366
2024-01-03,22.75,22.84,22.4,22.62,5264358,118883326.82,0.8557,25.073574,2.010037
2024-01-04,22.64,22.71,22.18,22.31,3948995,88181548.06,0.6419,24.729949,1.98249
2024-01-05,22.39,22.39,21.6,21.81,6401426,139928018.78,1.0405,24.175714,1.938059
2024-01-08,21.65,23.05,21.18,22.78,16477712,366884660.97,2.6784,25.250929,2.024254
2024-01-09,22.76,22.9,22.15,22.3,8873328,199019343.07,1.4423,24.718864,1.981601
2024-01-10,22.29,22.38,21.75,21.85,5007968,110192184.95,0.814,24.220053,1.941614
2024-01-11,21.8,22.9,21.66,22.82,8986074,202479487.53,1.4606,25.295268,2.027809
2024-01-12,22.77,22.94,22.4,22.53,5151488,116682085.26,0.8374,24.973812,2.002039
2024-01-15,22.33,22.8,21.99,22.03,7649940,169802006.0,1.2435,24.419577,1.957609
2024-01-16,21.86,22.49,21.86,22.29,5298130,117506760.6,0.8612,24.707779,1.980712
2024-01-17,22.2,22.28,21.76,21.76,3848888,84548596.76,0.6256,24.120291,1.933616
2024-01-18,21.6,21.87,21.28,21.83,5507941,118648496.48,0.8953,24.197884,1.939836
2024-01-19,21.82,21.98,20.8,20.81,7756119,164787187.99,1.2607,23.067245,1.849198
2024-01-22,20.83,20.83,19.2,19.46,10010045,199721062.26,1.6271,21.570811,1.729236
2024-01-23,19.36,19.79,19.0,19.62,5873803,114423960.29,0.9548,21.748167,1.743453
2024-01-24,19.62,19.94,19.18,19.81,4436678,87020974.97,0.7212,21.958776,1.760337
2024-01-25,19.78,20.56,19.7,20.54,6810660,137640862.54,1.107,22.767958,1.825206
2024-01-26,20.45,20.6,19.44,19.61,7831668,156282722.36,1.273,21.737082,1.742565
2024-01-29,19.65,19.75,18.95,18.96,6638800,127418659.0,1.0791,21.016577,1.684805
2024-01-30,19.03,19.03,17.88,17.91,9685672,176720576.82,1.5744,19.852684,1.591501
2024-01-31,17.86,18.0,17.01,17.13,7866339,136769632.83,1.2786,18.988078,1.522189
2024-02-01,17.05,17.88,16.88,17.49,7824460,136330442.91,1.2718,19.387127,1.554179
2024-02-02,17.42,17.73,16.3,16.78,6851725,116278905.44,1.1137,18.600114,1.491088
2024-02-05,16.74,16.77,15.48,16.1,13401798,215067474.36,2.1784,17.846355,1.430663
2024-02-06,16.24,17.71,16.11,17.71,12331129,213529775.4,2.0044,17.43392,1.573729
2024-02-07,17.95,19.48,17.83,19.39,17868754,342460412.28,2.9045,19.08773,1.723015
2024-02-08,19.78,20.59,19.4,19.8,14852608,299931241.34,2.4142,19.491339,1.759448
2024-02-19,20.13,20.97,19.95,20.94,14028135,287474878.72,2.2802,20.613568,1.86075
2024-02-20,20.61,21.4,20.61,21.11,9961292,209114640.7,1.6192,20.780918,1.875856
2024-02-21,20.82,21.2,20.55,20.62,8346652,173815016.64,1.3567,20.298556,1.832314
2024-02-22,20.61,20.95,20.5,20.74,5812600,120400145.32,0.9448,20.416685,1.842978
2024-02-23,20.84,21.37,20.68,21.28,7768065,163205480.32,1.2627,20.948267,1.890963
2024-02-26,21.1,21.25,20.63,20.65,7933700,165844117.0,1.2896,20.328088,1.83498
2024-02-27,20.64,21.43,20.42,21.43,11506870,241331469.16,1.8704,21.095929,1.904292
2024-02-28,21.36,21.66,20.73,20.77,12043200,256411744.0,1.9576,20.446218,1.845644
2024-02-29,20.77,21.5,20.68,21.46,9097871,193301039.15,1.4788,21.125461,1.906958
2024-03-01,22.1,22.6,21.65,22.12,16576625,365384436.45,2.6945,21.775173,1.965606
2024-03-04,21.8,22.15,21.41,21.94,16239284,353732454.0,2.6396,21.597979,1.949611
2024-03-05,21.86,22.55,21.67,22.4,13431833,298328650.64,2.1833,22.050808,1.990487
2024-03-06,22.12,22.39,21.79,21.92,9627200,211731827.0,1.5649,21.57829,1.947834
2024-03-07,22.0,22.1,21.56,21.6,8388600,183077473.04,1.3635,21.263279,1.919398
2024-03-08,21.64,22.61,21.54,22.42,11093808,245711008.1,1.8033,22.070496,1.992264
2024-03-11,22.23,22.41,21.98,22.15,7232869,160041616.22,1.1757,21.804705,1.968272
2024-03-12,22.16,22.32,21.92,22.09,5114266,112877576.34,0.8313,21.74564,1.96294
2024-03-13,22.1,22.32,21.93,22.17,6618064,146657071.12,1.0757,21.824393,1.970049
2024-03-14,21.98,21.99,21.49,21.72,10982325,238533444.31,1.7851,21.381408,1.930062
2024-03-15,21.63,21.92,21.46,21.91,6446002,140031508.1,1.0478,21.568446,1.946945
2024-03-18,21.92,22.21,21.81,22.18,9440228,208249683.3,1.5345,21.834237,1.970938
2024-03-19,22.1,22.12,21.72,21.88,6566800,144029315.34,1.0674,21.538914,1.944279
2024-03-20,21.76,21.95,21.15,21.35,15044101,322184021.75,2.4454,21.017176,1.897183
2024-03-21,21.5,21.5,20.0,20.38,23403952,479649948.31,3.8042,20.062297,1.810988
2024-03-22,20.38,20.55,19.88,20.01,10236876,206281271.06,1.664,19.698065,1.778109
2024-03-25,20.02,20.02,19.25,19.28,18102159,353198716.94,2.9424,18.979445,1.713241
2024-03-26,19.33,19.42,19.02,19.21,8182599,157277815.79,1.33,18.910536,1.70702
2024-03-27,19.3,19.3,18.54,18.57,8908774,168268301.54,1.4481,18.280513,1.650149
2024-03-28,18.55,19.23,18.51,18.82,8626468,163268995.92,1.4022,18.526616,1.672365
2024-03-29,18.89,19.02,18.54,18.92,6091379,114252639.03,0.9901,18.625057,1.681251
2024-04-01,18.91,19.49,18.91,19.26,8322900,160351742.93,1.3529,18.959757,1.711463
2024-04-02,19.35,19.65,19.2,19.31,8043793,155744242.73,1.3075,19.008978,1.715907
2024-04-03,19.31,19.35,18.91,19.15,6187719,118045578.83,1.0058,18.851472,1.701689
2024-04-08,19.08,19.08,18.48,18.53,7939259,148535383.21,1.2905,18.241137,1.646595
2024-04-09,18.53,19.19,18.5,19.15,7285701,137856167.12,1.1843,20.347775,1.836757
2024-04-10,19.09,19.12,18.51,18.68,6859124,128417089.24,1.1149,19.848378,1.791678
2024-04-11,18.57,19.08,18.55,18.71,5548081,104451688.52,0.9018,19.880254,1.794555
2024-04-12,18.75,18.99,18.65,18.76,4563200,85931853.02,0.7417,19.933381,1.799351
2024-04-15,18.8,18.96,18.01,18.37,9334601,172394383.68,1.5173,19.518988,1.761944
2024-04-16,18.43,18.49,17.95,17.99,9677539,176284457.7,1.573,19.11522,1.725497
2024-04-17,18.18,18.72,18.1,18.55,9360255,172824342.47,1.5215,19.710247,1.779209
2024-04-18,18.67,19.08,18.35,18.91,10481442,197211510.89,1.7037,20.092763,1.813738
2024-04-19,18.94,19.55,18.94,19.29,10200836,195913747.56,1.6581,20.686259,1.788904
2024-04-22,19.4,19.4,18.83,18.97,9849352,187656108.36,1.601,20.343096,1.759228
2024-04-23,18.81,19.19,18.81,19.08,6855400,130582011.0,1.1143,20.461058,1.769429
2024-04-24,19.23,19.23,18.7,19.04,7046687,133181487.89,1.1454,20.418163,1.76572
2024-04-25,19.14,19.44,18.93,19.25,7551020,145410411.5,1.2274,20.643363,1.785195
2024-04-26,19.18,19.77,19.15,19.63,10213676,199482225.6,1.6602,21.050869,1.820435
2024-04-29,19.65,20.5,19.65,20.31,14478452,292132555.02,2.3534,21.52528,1.694884
2024-04-30,20.42,20.63,20.07,20.27,9905700,201537804.02,1.6101,21.482887,1.691546
2024-05-06,20.65,20.74,20.33,20.53,9265100,190387041.0,1.506,21.758444,1.713243
2024-05-07,20.76,20.92,20.36,20.48,11556469,237817118.95,1.8689,21.705452,1.709071
2024-05-08,20.48,20.49,19.77,19.89,11376993,227500067.14,1.8398,21.080149,1.659835
2024-05-09,20.1,20.22,19.8,20.13,5394686,108402058.46,0.8724,21.33451,1.679863
2024-05-10,20.24,20.25,19.71,19.93,7209839,143547453.51,1.166,21.122542,1.663173
2024-05-13,19.75,19.95,19.48,19.71,7078559,139535986.73,1.1447,20.889378,1.644814
2024-05-14,19.85,20.27,19.71,19.99,7809498,156246830.4,1.2629,21.186133,1.66818
2024-05-15,20.0,20.12,19.72,19.72,4568230,90890373.2,0.7388,20.899977,1.645648
2024-05-16,19.75,20.0,19.5,19.56,5914342,116346292.44,0.9564,20.730403,1.632296
2024-05-17,19.68,19.85,19.4,19.85,5781617,113282088.25,0.935,21.037755,1.656497
2024-05-20,19.94,20.01,19.54,19.62,5957612,117655155.12,0.9634,20.793993,1.637303
2024-05-21,19.63,19.63,19.13,19.21,6212989,119916786.06,1.0047,20.35946,1.603088
2024-05-22,19.22,19.32,19.04,19.23,4724182,90610245.34,0.764,20.380657,1.604757
2024-05-23,19.2,19.21,18.7,18.76,5526718,104194609.06,0.8938,19.882534,1.565535
2024-05-24,18.75,18.88,18.4,18.46,5757800,107028698.0,0.9311,19.564583,1.5405
2024-05-27,18.57,19.23,18.38,19.14,9860818,185853898.0,1.5947,20.285272,1.597247
2024-05-28,19.19,20.01,19.06,19.49,15898281,313364566.6,2.571,20.656214,1.626454
2024-05-29,19.39,20.07,19.29,19.8,11974932,235682912.36,1.9365,20.984764,1.652324
2024-05-30,20.0,20.45,19.86,20.17,12624118,255607935.84,2.0415,21.376903,1.683201
2024-05-31,20.26,21.4,20.13,21.37,27703737,582006572.23,4.4802,22.648707,1.783342
2024-06-03,21.77,22.45,21.11,22.02,39988604,876999311.01,6.4668,23.337601,1.837585
2024-06-04,21.85,21.9,20.6,20.82,34605678,730435374.32,5.5963,22.065797,1.737444
2024-06-05,20.85,21.14,19.95,20.02,20692701,423102841.08,3.3464,21.217928,1.670683
2024-06-06,19.96,20.34,19.55,19.8,15379400,307020221.99,2.4871,20.984764,1.652324
2024-06-07,19.99,20.67,19.81,20.18,16863600,342573671.0,2.7271,21.387502,1.684035
2024-06-11,20.21,20.96,20.03,20.85,16567200,343158982.0,2.6792,22.097592,1.739947
2024-06-12,20.8,20.97,20.49,20.54,11718498,242424991.68,1.8951,21.769043,1.714078
2024-06-13,20.41,20.95,20.38,20.64,11071900,228680546.0,1.7905,21.875026,1.722423
2024-06-14,20.58,21.06,20.32,20.86,17484198,363748396.0,2.8275,22.10819,1.740782
2024-06-17,20.99,21.17,20.79,20.93,9046456,189548854.72,1.463,22.182379,1.746623
2024-06-18,20.99,21.49,20.94,21.27,10590154,225199910.57,1.7126,22.542723,1.774997
2024-06-19,21.43,21.45,21.0,21.03,9305386,197030569.12,1.5048,22.288363,1.754968
2024-06-20,21.03,21.28,20.81,20.83,8726227,183800077.64,1.4112,22.075352,1.738196
2024-06-21,20.88,21.02,20.6,20.94,5361000,111881275.0,0.867,22.191929,1.747375
2024-06-24,20.94,20.98,20.37,20.43,8005047,164963027.31,1.2945,21.651438,1.704817
2024-06-25,20.45,20.6,20.14,20.29,5905144,120243048.9,0.955,21.503067,1.693135
2024-06-26,20.32,20.72,20.0,20.7,7592255,155330295.65,1.2278,21.93758,1.727348
2024-06-27,20.57,20.72,20.01,20.03,6652200,134502526.0,1.0758,21.227523,1.671439
2024-06-28,19.88,20.56,19.86,20.29,5741509,116749319.42,0.9285,21.503067,1.693135
2024-07-01,20.3,21.16,20.3,21.11,11317247,235217275.91,1.8302,22.372092,1.761561
2024-07-02,21.0,21.12,20.43,20.61,9538400,197181604.88,1.5425,21.842199,1.719838
2024-07-03,20.5,20.69,20.3,20.37,6993433,142815084.5,1.131,21.58785,1.699811
2024-07-04,20.36,20.84,20.26,20.56,9909726,204594793.5,1.6026,21.78921,1.715666
2024-07-05,20.65,20.65,20.12,20.47,6594292,133822603.96,1.0664,21.693829,1.708155
2024-07-08,20.55,20.55,19.7,19.85,9990712,200502422.14,1.6157,21.036761,1.656418
2024-07-09,19.9,20.08,19.38,19.99,8905895,176387639.04,1.4402,21.185132,1.668101
2024-07-10,20.0,20.02,18.93,19.44,10926361,212940353.73,1.767,20.602249,1.622205
2024-07-11,19.73,20.61,19.56,20.38,11768124,237659196.02,1.9031,21.598448,1.700645
2024-07-12,20.33,20.33,20.0,20.0,5396000,108451635.0,0.8726,21.195729,1.668935
2024-07-15,19.88,19.98,19.34,19.53,7545500,147468177.0,1.2202,20.69763,1.629715
2024-07-16,19.47,19.59,19.22,19.42,4544400,87992240.0,0.7349,20.581053,1.620536
2024-07-17,19.32,19.44,19.16,19.29,5010800,96746903.0,0.8103,20.443281,1.609688
2024-07-18,19.15,19.33,18.9,19.22,6970400,133148183.0,1.1272,20.369096,1.603847
2024-07-19,19.15,19.77,19.05,19.5,5003000,97559048.0,0.8091,20.665836,1.627212
2024-07-22,19.5,19.56,18.9,19.01,6269488,120041795.76,1.0139,20.146541,1.586323
2024-07-23,18.9,19.07,18.27,18.27,7985700,148307240.0,1.2914,19.362299,1.524572
2024-07-24,18.45,19.15,18.35,18.98,12620485,237382466.76,2.0514,20.114747,1.58382
2024-07-25,18.88,19.19,18.67,18.86,5914400,111657924.0,0.9614,19.987573,1.573806
2024-07-26,18.95,19.69,18.91,19.67,8520998,166108895.8,1.3851,20.846,1.641398
2024-07-29,19.67,20.0,19.45,19.93,7126900,141471553.0,1.1584,21.121544,1.663094
2024-07-30,19.84,19.98,19.47,19.84,6577858,129906788.36,1.0692,21.026164,1.655584
2024-07-31,19.85,20.14,19.55,20.04,7943800,158413078.0,1.2912,21.238121,1.672273
2024-08-01,20.09,20.29,19.43,19.55,8611400,169841251.0,1.3997,20.718825,1.631384
2024-08-02,19.49,19.83,19.2,19.3,5917264,115406954.0,0.9618,20.453879,1.610523
2024-08-05,19.19,19.35,18.38,18.45,11155579,208536893.13,1.8133,19.55306,1.539593
2024-08-06,18.56,18.83,17.95,18.25,10472491,191597631.51,1.6936,19.341103,1.522904
2024-08-07,18.2,18.54,18.02,18.26,6480900,118479488.0,1.0481,19.351701,1.523738
2024-08-08,18.23,18.33,17.68,17.9,10154500,181680138.0,1.6422,18.970178,1.493697
2024-08-09,17.92,18.08,17.55,17.58,8067324,143174833.5,1.3046,18.631046,1.466994
2024-08-12,17.64,17.93,17.59,17.82,3910900,69483527.0,0.5027,18.885395,1.487021
2024-08-13,17.81,18.21,17.51,17.69,6377686,113585668.34,0.8198,18.747623,1.476173
2024-08-14,17.75,17.81,17.43,17.55,3781718,66569319.16,0.4861,18.599253,1.464491
2024-08-15,17.64,18.04,17.45,17.73,5154000,91693599.74,0.6625,18.790014,1.479511
2024-08-16,17.7,17.89,17.6,17.69,3343600,59234428.0,0.4298,18.747623,1.476173
2024-08-19,17.69,17.98,17.64,17.91,4726300,84470805.0,0.6075,18.980776,1.494532
2024-08-20,18.0,18.0,17.45,17.65,4609800,81398095.0,0.5926,18.705231,1.472835
2024-08-21,17.25,17.57,17.14,17.5,4701800,81866441.0,0.6044,18.546263,1.460318
2024-08-22,17.48,17.54,17.2,17.33,4147000,71829694.0,0.5331,18.3661,1.446132
2024-08-23,17.39,17.49,17.27,17.48,3687300,64103226.0,0.474,18.525067,1.45865
2024-08-26,17.58,18.6,17.46,18.27,10943800,200347642.0,1.4068,19.147656,1.494301
2024-08-27,18.28,18.4,18.03,18.3,5101200,92959386.06,0.6557,19.179098,1.496755
2024-08-28,18.3,18.56,18.22,18.48,4432400,81796228.0,0.5698,19.367744,1.511477
2024-08-29,18.5,18.84,18.3,18.78,7290133,135889555.04,0.9371,19.682156,1.536014
2024-08-30,18.81,19.08,18.67,18.9,8026800,151970586.05,1.0318,19.80792,1.545829
2024-09-02,18.82,18.94,18.4,18.5,6480300,120851756.0,0.833,19.388705,1.513113
2024-09-03,18.43,18.6,18.35,18.52,3651700,67528901.0,0.4694,19.409666,1.514749
2024-09-04,18.52,18.52,18.21,18.35,4420300,81163674.0,0.5682,19.231499,1.500844
2024-09-05,18.5,18.5,18.16,18.22,3766600,68827365.0,0.4842,19.095254,1.490212
2024-09-06,18.27,18.32,18.01,18.12,3234400,58669533.0,0.4158,18.990451,1.482033
2024-09-09,18.0,18.17,17.85,17.98,3342605,60026051.77,0.4297,18.843725,1.470582
2024-09-10,17.85,18.06,17.54,17.87,4109600,72968495.0,0.5283,18.728441,1.461585
2024-09-11,17.81,18.34,17.75,18.17,4575100,82959252.0,0.5881,19.042853,1.486122
2024-09-12,18.08,18.31,17.56,17.56,5019615,89658975.82,0.6453,18.403549,1.43623
2024-09-13,17.73,17.77,17.36,17.38,3773000,65942174.0,0.485,18.214902,1.421508
2024-09-18,17.38,17.52,17.22,17.41,3087600,53642096.0,0.3969,18.246344,1.423962
2024-09-19,17.52,17.86,17.25,17.48,4438767,78015382.24,0.5706,18.319706,1.429687
2024-09-20,17.47,17.59,17.25,17.4,4160300,72317235.0,0.5348,18.235863,1.423144
2024-09-23,17.32,17.6,17.22,17.4,3048225,53050050.67,0.3915,18.235863,1.423144
2024-09-24,17.57,18.16,17.43,18.14,8776327,156725019.44,1.1273,19.011411,1.483669
2024-09-25,18.49,18.69,18.08,18.08,8047500,148169804.0,1.0336,18.948529,1.478761
2024-09-26,18.19,18.69,17.99,18.67,8904115,163192086.24,1.1437,19.566872,1.527017
2024-09-27,18.88,19.5,18.87,19.4,8719298,167097040.12,1.1199,20.331939,1.586724
2024-09-30,20.0,21.34,19.95,21.34,27986926,582035499.99,3.5947,22.365133,1.745396
2024-10-08,23.47,23.47,21.68,23.2,28723447,657253105.88,3.6893,24.314484,1.897525
2024-10-09,22.68,22.84,20.9,21.04,22497153,491317940.03,2.8896,22.050722,1.720859
2024-10-10,21.21,21.83,20.7,20.84,13895038,294802303.96,1.7847,21.841114,1.704501
2024-10-11,20.83,20.95,19.29,19.48,16877952,336105168.82,2.1678,20.415782,1.593267
2024-10-14,19.66,19.75,18.95,19.74,16447523,319473732.37,2.1126,20.688272,1.614532
2024-10-15,19.74,20.58,19.53,19.53,16137335,322710294.5,2.0727,20.468184,1.597357
2024-10-16,19.4,20.14,19.33,19.79,10958896,217475997.84,1.4076,20.740674,1.618622
2024-10-17,19.91,20.22,19.71,19.72,10321096,205868098.6,1.3257,20.667312,1.612897
2024-10-18,19.72,21.25,19.58,20.69,18526123,378743221.56,2.3795,21.683909,1.692233
2024-10-21,20.97,21.53,20.56,21.17,18278393,385504754.53,2.3477,22.186967,1.731492
2024-10-22,21.23,21.5,20.8,21.39,14309557,303059708.8,1.8379,22.417535,1.749486
2024-10-23,21.5,22.28,21.21,22.09,18017132,396041257.67,2.3142,23.151162,1.806739
2024-10-24,22.25,22.25,21.29,21.43,13717500,296210138.0,1.7619,22.459457,1.752757
2024-10-25,21.43,21.95,21.39,21.92,13719835,298046315.3,1.7622,22.972996,1.792834
2024-10-28,22.09,22.44,21.26,22.11,21935166,475643372.7,2.8174,21.069583,1.854195
2024-10-29,22.0,22.0,21.45,21.49,11711429,253537818.93,1.5042,20.478758,1.8022
2024-10-30,21.47,21.62,21.02,21.4,12448000,265383904.12,1.5988,20.392993,1.794652
2024-10-31,21.38,21.65,21.02,21.47,8953700,191727500.76,1.15,20.459699,1.800523
2024-11-01,21.4,21.61,20.77,20.84,12354381,260579961.38,1.5868,19.859344,1.74769
2024-11-04,20.7,21.28,20.63,21.16,11522275,241423092.38,1.4799,20.164286,1.774526
2024-11-05,21.19,21.73,20.93,21.55,15024731,322308666.64,1.9298,20.535934,1.807232
2024-11-06,21.64,21.69,21.07,21.18,12921514,276284921.65,1.6597,20.183345,1.776203
2024-11-07,21.21,22.63,21.14,22.45,25417773,564780817.32,3.2647,21.392244,1.88259
2024-11-08,22.51,23.35,22.36,22.88,22432827,513763909.28,2.8813,21.801984,1.918649
2024-11-11,23.28,24.75,22.97,24.6,35099587,847912341.12,4.5083,23.440944,2.062883
2024-11-12,24.63,25.17,24.31,24.55,26557004,654061400.27,3.411,23.3933,2.05869
2024-11-13,24.4,25.52,24.32,25.19,24677417,618184563.31,3.1696,24.003146,2.112358
2024-11-14,25.47,25.47,23.5,23.58,25312735,613377752.4,3.2512,22.469003,1.977348
2024-11-15,23.49,24.37,23.18,23.23,17509942,416850908.42,2.249,22.135493,1.947998
2024-11-18,23.87,24.29,23.13,23.6,15483498,367866007.9,1.9887,22.48806,1.979026
2024-11-19,23.37,24.16,23.09,24.05,14923867,352321756.35,1.9169,22.916858,2.016761
2024-11-20,23.99,24.3,23.7,23.93,10801106,258714786.97,1.3873,22.802512,2.006698
2024-11-21,23.87,24.5,23.6,24.02,14254791,342736817.28,1.8309,22.888272,2.014246
2024-11-22,23.99,24.59,23.41,23.45,16485966,395233620.22,2.1175,22.345128,1.966447
2024-11-25,23.49,23.9,22.85,23.22,14639698,342533162.24,1.8804,22.125965,1.94716
2024-11-26,23.16,23.3,22.58,22.61,10550633,240821771.31,1.3551,21.544705,1.896007
2024-11-27,22.54,23.11,21.81,23.1,16103498,360655733.88,2.0684,22.011619,1.937097
2024-11-28,23.36,24.7,23.2,23.81,20352432,491628998.38,2.6141,22.688166,1.996636
2024-11-29,23.83,24.39,23.46,24.15,16142330,387780352.88,2.0734,23.012147,2.025147
2024-12-02,25.08,25.33,24.55,24.79,20511986,510431486.86,2.6346,23.621992,2.078815
2024-12-03,24.73,24.84,24.39,24.63,11212750,275585227.34,1.4402,23.469531,2.065398
2024-12-04,24.64,24.83,24.0,24.09,8863825,215491749.5,1.1385,22.954974,2.020116
2024-12-05,24.04,24.44,23.96,24.29,6829393,165231337.53,0.8772,23.14555,2.036887
2024-12-06,24.3,24.33,23.81,24.12,8379094,201655479.83,1.0762,22.98356,2.022631
2024-12-09,24.12,25.0,24.01,24.34,14765992,362004379.25,1.8966,23.193195,2.04108
2024-12-10,25.0,25.08,24.16,24.18,14884683,366578876.65,1.9118,23.040733,2.027663
2024-12-11,24.2,24.29,23.8,23.88,9517285,228374619.04,1.2224,22.754868,2.002506
2024-12-12,23.93,23.95,23.65,23.88,8693641,206981725.84,1.1166,22.754868,2.002506
2024-12-13,23.8,23.85,23.22,23.39,12978900,304037708.0,1.667,22.287955,1.961416
2024-12-16,23.29,23.56,22.98,23.25,8460761,196317512.15,1.0867,22.154551,1.949676
2024-12-17,23.1,23.32,22.88,22.95,6786271,156422350.93,0.8716,21.868686,1.924519
2024-12-18,22.98,23.27,22.92,23.09,6832153,157918051.87,0.8775,22.00209,1.936258
2024-12-19,22.93,23.2,22.69,23.19,5992336,137445982.96,0.7697,22.097378,1.944644
2024-12-20,23.19,23.84,23.06,23.5,9901600,233110262.85,1.2718,22.392772,1.97064
2024-12-23,23.54,23.63,23.06,23.41,10175168,237843747.25,1.3069,22.307013,1.963093
2024-12-24,23.46,23.99,23.4,23.93,9652500,229252734.0,1.2398,22.802512,2.006698
2024-12-25,23.9,24.04,23.72,23.84,5477100,130429342.0,0.7035,22.716753,1.999151
2024-12-26,23.73,24.39,23.73,24.05,9748751,235186085.13,1.2522,22.916858,2.016761
2024-12-27,24.1,24.24,23.85,23.98,6608188,158998514.2,0.8488,22.850156,2.010891
2024-12-30,23.91,24.28,23.82,24.12,6055300,145863579.5,0.7778,22.98356,2.022631
2024-12-31,24.28,24.36,23.51,23.58,8651436,206018787.52,1.1112,22.469003,1.977348
2025-01-02,23.56,23.64,22.92,23.06,7958600,185172541.64,1.0222,21.973503,1.933743
2025-01-03,23.2,23.67,23.03,23.1,9119693,212558454.81,1.1714,22.011619,1.937097
2025-01-06,23.03,23.38,22.55,22.86,10519085,240852458.65,1.3511,21.782926,1.916971
2025-01-07,22.9,23.1,22.62,22.97,6117900,140187704.0,0.7858,21.887744,1.926196
2025-01-08,22.9,22.91,21.61,22.22,16576098,365886661.34,2.1291,21.173081,1.863303
2025-01-09,22.11,24.4,22.01,23.54,23484300,553405339.52,3.0164,22.430887,1.973994
2025-01-10,23.92,24.76,23.73,24.14,31067653,754740875.91,3.9904,23.002618,2.024308
2025-01-13,23.97,24.42,23.16,23.93,22012225,526229049.25,2.8273,22.802512,2.006698
2025-01-14,23.82,25.3,23.73,25.0,23656818,586467328.85,3.0385,23.822098,2.096425
2025-01-15,25.15,25.48,24.7,24.84,15215746,381676015.79,1.9543,23.669637,2.083008
2025-01-16,24.89,25.38,24.72,25.02,14392499,360529457.43,1.8486,23.841156,2.098103
2025-01-17,25.0,25.58,24.74,25.27,15599392,393732257.42,2.0036,24.079377,2.119067
2025-01-20,25.55,26.29,25.14,26.25,24168670,622865869.16,3.1043,25.013203,2.201247
2025-01-21,26.3,26.98,25.71,26.55,22448591,590314964.26,2.8833,25.299068,2.226404
2025-01-22,26.52,27.22,26.52,26.9,18358393,494258653.75,2.358,25.632577,2.255754
2025-01-23,26.95,27.08,26.29,26.31,15173619,404056018.89,1.9489,25.070376,2.206278
2025-01-24,26.33,26.59,26.09,26.34,11054669,291307462.96,1.4199,25.098962,2.208794
2025-01-27,26.33,26.46,25.48,25.54,12093318,311757545.58,1.5533,24.336655,2.141708
2025-02-05,25.6,26.0,24.27,24.66,17682562,439081345.52,2.2712,23.498117,2.067914
2025-02-06,24.59,25.16,24.58,24.91,11258288,280899735.64,1.446,23.736338,2.088878
2025-02-07,24.92,25.75,24.4,25.34,14967900,376192750.44,1.9225,24.146078,2.124937
2025-02-10,25.45,25.6,24.98,25.1,8841808,222972227.92,1.1357,23.917386,2.104811
2025-02-11,25.15,25.8,24.93,25.6,11959498,304455331.86,1.5361,24.393828,2.14674
2025-02-12,25.58,26.47,25.48,26.3,13081904,342096114.96,1.6803,25.060847,2.20544
2025-02-13,26.26,26.41,25.77,25.85,8865198,230619362.58,1.1387,24.632049,2.167704
2025-02-14,25.71,28.28,25.63,27.78,25672002,703144646.85,3.2974,26.471115,2.329548
2025-02-17,28.17,28.28,27.42,28.14,20819925,582357912.49,2.6742,26.814153,2.359736
2025-02-18,28.06,29.75,27.82,28.65,31050976,903169317.34,3.9883,27.300124,2.402503
2025-02-19,28.6,29.98,28.6,29.76,23153188,681853838.4,2.9738,28.357825,2.495585
2025-02-20,29.8,30.5,29.65,29.76,19410943,583416431.94,2.4932,28.357825,2.495585
2025-02-21,29.76,31.12,29.57,30.49,24097967,737079074.99,3.0952,29.053431,2.5568
2025-02-24,30.99,32.01,29.85,30.09,25985057,791933803.36,3.3376,28.672277,2.523258
2025-02-25,29.88,30.65,29.55,29.87,17921260,537513935.12,2.3018,28.462643,2.504809
2025-02-26,29.87,30.08,28.99,29.09,18563696,545263078.66,2.3844,27.719393,2.439401
2025-02-27,29.4,30.31,29.08,29.41,17254130,510567368.12,2.2162,28.024316,2.466235
2025-02-28,28.83,28.95,27.66,27.92,22878513,643754137.56,2.9386,26.604519,2.341288
2025-03-03,27.85,28.19,26.93,27.38,22536633,619952041.82,2.8947,26.089962,2.296005
2025-03-04,27.13,27.74,26.95,27.57,13526698,370491489.04,1.7374,26.27101,2.311938
2025-03-05,27.64,28.4,27.39,27.79,14633667,407238343.64,1.8796,26.480644,2.330386
2025-03-06,28.0,28.76,27.81,28.51,16153066,459729369.84,2.0747,27.166721,2.390763
2025-03-07,28.43,28.55,27.04,27.21,19878452,551300589.31,2.5532,25.927971,2.281749
2025-03-10,27.3,28.6,26.98,28.45,21543992,602644218.4,2.7672,27.109547,2.385732
2025-03-11,28.17,29.87,28.1,29.12,29611969,855703231.33,3.8034,27.74798,2.441916
2025-03-12,29.05,29.29,28.28,28.84,17996249,518410390.84,2.3115,27.481172,2.418436
2025-03-13,28.71,29.04,27.69,27.98,21186652,594520488.37,2.7213,26.661692,2.346319
2025-03-14,27.83,30.2,27.69,29.45,26071609,763317939.6,3.3487,28.062431,2.469589
2025-03-17,29.61,29.81,29.16,29.69,15441795,454849645.28,1.9834,28.291124,2.489715
2025-03-18,29.69,30.06,29.41,29.53,9617927,285720076.27,1.2353,28.138662,2.476298
2025-03-19,29.42,29.48,28.26,28.69,16068290,460379131.0,2.0638,27.33824,2.405858
2025-03-20,28.68,28.94,28.33,28.47,7683211,219774238.28,0.9868,27.128605,2.387409
2025-03-21,28.29,28.65,28.0,28.18,8417202,237994573.28,1.0811,26.852269,2.363091
2025-03-24,28.19,28.66,28.03,28.55,9832320,278786334.48,1.2629,27.204836,2.394118
2025-03-25,28.58,28.85,27.06,27.56,16648757,459799968.64,2.1384,26.261481,2.311099
2025-03-26,27.45,28.07,27.4,27.62,5000743,138782781.38,0.6423,26.318654,2.316131
2025-03-27,27.41,28.16,27.22,27.86,10928717,303576598.72,1.4037,26.547346,2.336256
2025-03-28,27.84,28.41,27.75,27.89,8827215,247820816.41,1.1338,26.575932,2.338772
2025-03-31,27.76,28.67,27.38,28.31,14610127,410091568.19,1.8766,26.976144,2.373992
2025-04-01,29.5,29.58,27.86,27.93,18107994,514868326.58,2.3258,27.241395,2.346021
2025-04-02,27.99,29.16,27.99,28.6,15943649,457856478.55,2.0478,27.894876,2.402298
2025-04-03,28.3,28.48,27.25,27.26,16217637,449733821.01,2.083,26.587914,2.289743
2025-04-07,25.0,25.77,24.53,24.53,22548965,562401893.66,2.8962,23.925221,2.060433
2025-04-08,24.53,24.99,23.08,23.72,26392098,627888872.24,3.3899,23.135191,1.992396
2025-04-09,23.5,24.1,22.47,23.87,17996810,423482652.0,2.3115,23.281493,2.004995
2025-04-10,24.56,25.17,24.4,24.4,17205960,426501912.3,2.21,23.798426,2.049513
2025-04-11,24.31,25.28,24.15,24.96,11801248,292794217.76,1.5158,24.344619,2.096551
2025-04-14,25.31,25.36,24.76,24.85,10054104,251350711.08,1.2914,24.237331,2.087311
2025-04-15,24.84,24.95,24.58,24.9,6374600,157905428.0,0.8163,24.286099,2.091511
2025-04-16,24.66,24.8,23.89,24.05,10804182,261211442.88,1.3836,23.457055,2.020114
2025-04-17,23.9,25.05,23.86,24.96,11884900,293879242.0,1.522,24.344619,2.096551
2025-04-18,24.58,25.03,24.22,24.58,10547500,258822698.51,1.3507,22.200516,2.076158
2025-04-21,24.57,25.28,24.42,25.21,9339500,233049682.0,1.196,22.769529,2.129371
2025-04-22,25.09,25.38,24.84,24.97,8754569,219875881.19,1.1211,22.552762,2.109099
2025-04-23,25.2,25.45,25.01,25.24,8132016,205374340.84,1.0414,22.796624,2.131905
2025-04-24,25.38,25.38,24.6,24.64,8202498,204068416.78,1.0504,22.254708,2.081226
2025-04-25,24.75,25.26,24.56,24.92,7625081,190021605.26,0.9765,22.507602,2.104876
2025-04-28,24.81,25.01,24.58,24.72,4183000,103513918.0,0.5357,22.326963,2.087983
2025-04-29,24.67,24.96,24.62,24.71,6708750,166200412.0,0.8591,22.317931,2.087138
2025-04-30,24.79,26.7,24.74,26.25,19185508,496716922.03,2.4569,23.708851,2.217215
2025-05-06,26.39,27.25,26.33,27.16,16038600,431416829.14,2.0539,24.530757,2.294078
2025-05-07,27.33,27.61,27.02,27.29,12094115,329768965.45,1.5488,24.648173,2.305059
2025-05-08,27.45,27.5,27.12,27.3,6511978,178086003.64,0.8339,24.657205,2.305903
2025-05-09,27.3,27.75,26.66,27.67,13819600,376266669.0,1.7697,24.991387,2.337155
2025-05-12,27.93,28.1,27.36,27.76,10724352,296425236.48,1.3733,25.072674,2.344757
2025-05-13,27.9,28.0,27.21,27.38,9081403,249562774.19,1.163,24.72946,2.312661
2025-05-14,27.33,28.34,27.25,27.41,11525456,318203047.62,1.4759,24.756556,2.315195
2025-05-15,27.33,27.57,26.88,26.95,5881026,159541061.11,0.7531,24.341087,2.27634
2025-05-16,26.87,27.3,26.85,26.95,7386222,199940816.61,0.9459,24.341087,2.27634
2025-05-19,26.38,26.49,26.06,26.45,5815264,152901111.94,0.7447,23.889489,2.234108
2025-05-20,26.58,26.78,26.28,26.65,7392371,196234376.28,0.9467,24.070128,2.251001
2025-05-21,26.61,26.98,26.44,26.73,6742068,180289046.4,0.8634,24.142384,2.257758
2025-05-22,26.73,26.96,26.2,26.3,6246617,165536551.62,0.7999,23.75401,2.221438
2025-05-23,26.25,26.69,26.03,26.11,6726301,177401916.93,0.8614,23.582403,2.20539
2025-05-26,26.11,26.24,25.8,25.91,5173013,134417785.39,0.6624,23.401765,2.188497
2025-05-27,25.91,26.05,25.47,25.75,5787617,148689245.45,0.7412,23.257253,2.174982
2025-05-28,25.76,26.23,25.67,25.87,5692627,147692671.63,0.729,23.365637,2.185118
2025-05-29,25.85,26.84,25.8,26.55,9165688,242546908.64,1.1737,23.979809,2.242554
2025-05-30,26.29,27.15,26.01,26.94,11773595,313176562.9,1.5077,24.332055,2.275496
2025-06-03,27.1,27.35,26.8,26.92,9322224,252241600.42,1.1938,24.313991,2.273806
2025-06-04,26.96,27.49,26.92,27.17,8939455,243321418.27,1.1448,24.539789,2.294923
2025-06-05,27.16,28.25,27.09,28.19,15103657,419206833.18,1.9342,25.461048,2.381077
2025-06-06,28.1,28.85,28.0,28.07,14166635,402150783.54,1.8142,25.352664,2.370942
2025-06-09,28.0,28.63,28.0,28.19,8469618,238762429.42,1.0846,25.459423,2.380926
2025-06-10,28.06,28.19,27.59,27.64,6383200,177629132.0,0.8174,24.962698,2.334473
2025-06-11,27.67,27.8,27.46,27.55,6929040,191447879.6,0.8873,24.881416,2.326871
2025-06-12,27.48,28.08,27.19,27.25,11521455,317676842.75,1.4754,24.610475,2.301533
2025-06-13,27.12,27.47,26.35,27.0,25561281,687014960.41,3.2733,24.384691,2.280418
2025-06-16,26.76,27.65,26.75,27.3,15964177,435828682.39,2.0443,24.655632,2.305756
2025-06-17,27.29,27.48,26.3,26.31,11780602,314312688.56,1.5086,23.761526,2.222141
2025-06-18,26.32,26.93,25.8,26.79,11708322,308692840.69,1.4993,24.195032,2.262682
2025-06-19,26.7,27.23,26.5,26.56,7223834,194113211.12,0.9251,23.98731,2.243256
2025-06-20,26.64,27.28,26.52,26.6,6935400,185980834.76,0.8881,24.023436,2.246634
2025-06-23,26.42,26.72,26.33,26.53,6054000,160503801.8,0.7753,23.960216,2.240722
2025-06-24,26.58,27.67,26.57,27.4,10454024,284385203.8,1.3387,24.745945,2.314202
2025-06-25,27.66,28.2,27.27,27.57,8927300,246414437.0,1.1432,24.899479,2.32856
2025-06-26,27.57,28.09,27.39,27.45,9573304,265164993.76,1.2259,24.791102,2.318425
2025-06-27,27.45,28.08,27.21,27.79,12885415,357616707.66,1.6501,25.098169,2.347142
2025-06-30,27.9,28.17,27.53,27.75,8058379,223727392.82,1.0319,25.062043,2.343763
2025-07-01,27.75,28.78,27.6,28.62,16510701,465152842.54,2.1143,25.847772,2.417243
2025-07-02,28.5,28.7,28.07,28.2,8700400,246020492.7,1.1142,25.468455,2.38177
2025-07-03,28.13,28.6,27.82,28.26,7659113,215283533.29,0.9808,25.522643,2.386838
2025-07-04,28.47,29.47,28.22,28.67,23440395,676077875.61,3.0017,25.892929,2.421466
2025-07-07,28.51,29.63,28.5,29.04,14776508,430019542.0,1.8923,26.227089,2.452716
2025-07-08,28.88,30.1,28.74,30.02,22531865,672125110.27,2.8854,27.112163,2.535487
2025-07-09,30.49,30.79,29.09,29.15,25629310,760187190.27,3.2821,26.326435,2.462007
2025-07-10,29.28,29.87,29.06,29.26,13813688,406247867.92,1.769,26.42578,2.471298
2025-07-11,29.25,29.31,28.73,28.79,13343603,385978939.95,1.7088,26.001305,2.431602
2025-07-14,28.82,29.88,28.73,29.64,16330222,482113950.96,2.0912,26.768971,2.503392
2025-07-15,29.52,30.56,29.52,30.08,15943371,480487455.95,2.0417,27.166352,2.540555
2025-07-16,30.11,30.2,28.86,28.97,16476076,482718424.6,2.1099,26.16387,2.446804
2025-07-17,28.91,31.16,28.69,30.89,28851588,874908006.08,3.6947,27.897892,2.608967
2025-07-18,31.3,32.1,31.17,31.53,23816201,753559957.94,3.0499,28.4759,2.663022
2025-07-21,31.5,31.7,30.92,31.63,16269880,509523493.08,2.0835,28.566213,2.671468
2025-07-22,31.55,32.2,31.36,31.51,16730100,530329334.43,2.1424,28.457837,2.661333
2025-07-23,31.42,31.48,30.57,30.68,15994980,495328777.48,2.0483,27.708234,2.591231
2025-07-24,30.68,31.24,30.52,30.81,12714554,391645802.8,1.6282,27.825641,2.602211
2025-07-25,30.8,31.03,30.26,30.49,11234400,342937778.0,1.4387,27.536638,2.575183
2025-07-28,30.4,32.25,30.21,32.16,27132469,851855131.48,3.4745,29.044876,2.716231
2025-07-29,32.0,32.5,31.36,31.89,18278644,578499733.86,2.3407,28.801029,2.693427
2025-07-30,32.0,33.28,31.63,33.08,31907153,1042231779.33,4.086,29.875762,2.793935
2025-07-31,33.02,33.65,32.25,32.56,22645595,744230238.48,2.9,29.406131,2.750015
2025-08-01,32.32,32.6,31.68,31.82,14702872,471647790.08,1.8828,28.737809,2.687515
2025-08-04,31.48,32.19,31.22,32.11,11759829,373458095.7,1.5059,28.999719,2.712008
2025-08-05,32.13,32.25,31.6,32.05,10180002,324763535.98,1.3036,28.945531,2.706941
2025-08-06,31.97,32.12,31.59,32.12,11822290,376966173.26,1.5139,29.00875,2.712853
2025-08-07,32.0,32.21,30.71,31.0,23328179,728653021.35,2.9874,27.997237,2.618258
2025-08-08,31.1,31.62,30.81,30.9,13394704,416337561.32,1.7153,27.906924,2.609812
2025-08-11,31.11,32.09,31.11,31.57,17199964,544745957.36,2.2026,28.512025,2.6664
2025-08-12,31.56,31.56,30.86,31.09,13089750,406996490.14,1.6763,28.07852,2.625859
2025-08-13,31.18,32.8,31.18,32.63,25372410,817379237.82,3.2492,29.46935,2.755928
2025-08-14,32.79,32.79,31.96,31.98,14292206,460903497.32,1.8302,28.882311,2.701029
2025-08-15,31.9,33.4,31.81,33.2,22348110,732760377.67,2.8619,29.984138,2.80407
2025-08-18,33.69,33.98,32.72,33.36,22818506,759425946.44,2.9221,30.12864,2.817583
2025-08-19,33.58,33.77,31.55,31.82,40616039,1308603422.32,5.2012,25.959846,2.706214
2025-08-20,31.74,31.75,30.65,31.54,25539218,794108266.9,3.2705,25.731413,2.6824
2025-08-21,31.66,31.8,31.01,31.53,17217084,540981223.26,2.2048,25.723254,2.68155
2025-08-22,31.45,31.95,31.37,31.6,18252956,576965281.23,2.3374,25.780363,2.687503
2025-08-25,31.69,32.66,31.5,32.37,28746632,922733751.78,3.6812,26.408555,2.75299
2025-08-26,32.21,32.35,31.52,32.1,16459645,526982336.15,2.1078,26.18828,2.730027
2025-08-27,31.96,32.76,31.5,31.5,21629895,697159472.2,2.7699,25.698779,2.678998
2025-08-28,31.5,32.58,30.8,32.29,25115057,796885629.46,3.2162,26.343288,2.746186
2025-08-29,32.4,33.2,31.4,33.1,33316783,1078344066.18,4.2665,27.004114,2.815074
2025-09-01,33.79,34.66,33.11,33.41,30536774,1028446985.83,3.9105,27.257023,2.841439
2025-09-02,33.39,34.94,31.5,31.73,32581629,1064951530.76,4.1724,25.886421,2.698559
2025-09-03,31.93,31.95,31.11,31.26,16437700,516900772.0,2.105,25.502979,2.658587
2025-09-04,31.29,32.03,29.67,30.15,22549600,694331140.65,2.8877,24.597403,2.564184
2025-09-05,30.32,31.07,30.32,31.0,13385570,411504545.66,1.7141,25.290862,2.636475
2025-09-08,31.01,32.2,30.89,32.09,18240389,574330785.34,2.3358,26.180121,2.729176
2025-09-09,31.96,31.97,30.91,31.1,13687590,429903095.18,1.7528,25.372446,2.644979
2025-09-10,31.16,31.88,30.91,31.03,12969795,405732829.42,1.6609,25.315337,2.639026
2025-09-11,31.26,32.97,31.04,32.43,31857066,1027329253.74,4.0796,26.457505,2.758093
2025-09-12,32.5,32.66,31.81,32.22,14489122,466610549.78,1.8555,26.28618,2.740233
2025-09-15,32.18,32.38,31.61,31.76,14866241,474160310.54,1.9037,25.910896,2.701111
2025-09-16,31.78,31.98,31.0,31.47,13502628,424056789.52,1.7291,25.674304,2.676447
2025-09-17,31.36,32.66,31.36,32.38,19791359,635940113.73,2.5345,26.416713,2.75384
2025-09-18,32.24,33.55,31.95,32.57,27931099,916278729.37,3.5768,26.571722,2.769999
2025-09-19,32.69,33.59,32.58,32.83,18014159,594752840.82,2.3138,26.783839,2.792112
2025-09-22,32.56,33.88,32.15,33.74,23210776,772421941.37,2.9812,27.526248,2.869505
2025-09-23,33.82,34.29,31.79,32.43,24184474,790342687.94,3.1063,26.457505,2.758093
2025-09-24,32.07,32.98,31.56,32.85,17690792,571254682.08,2.2722,26.800155,2.793813
2025-09-25,32.79,33.2,32.41,32.54,13134887,428986996.72,1.6871,26.547247,2.767448
2025-09-26,32.32,32.5,31.24,31.25,17333529,549604502.29,2.2197,25.494821,2.657736
2025-09-29,31.19,32.15,31.12,32.05,14766484,469495625.74,1.891,26.147488,2.725775
2025-09-30,32.06,34.18,32.06,33.89,38077216,1277692440.82,4.8761,27.648623,2.882262
2025-10-09,34.34,34.35,33.44,34.0,22422091,762671910.09,2.8713,27.738365,2.891617
2025-10-10,34.0,34.0,32.96,33.48,16210791,541989463.84,2.0747,27.314131,2.847393
2025-10-13,32.0,32.5,31.73,32.34,24588123,789034765.23,3.1469,26.38408,2.750438
2025-10-14,32.51,32.68,29.97,30.12,35442350,1103367739.56,4.5361,24.572928,2.561633
2025-10-15,30.14,30.36,29.68,30.35,16220470,487234260.92,2.076,24.76057,2.581194
2025-10-16,29.96,30.17,28.53,28.73,25839895,754232287.44,3.3071,23.438918,2.443417
2025-10-17,28.84,28.84,27.34,27.44,16904899,472232357.56,2.1636,22.386492,2.333705
2025-10-20,27.92,28.21,27.22,27.58,15475682,430129025.01,1.8345,22.500709,2.345612
2025-10-21,27.73,27.97,27.5,27.9,14930526,414677760.53,1.7699,22.761776,2.372827
2025-10-22,27.9,28.4,27.69,28.18,10428129,293110777.49,1.2361,22.990209,2.39664
2025-10-23,28.02,28.37,27.37,28.25,10894127,302467941.67,1.2914,23.047318,2.402594
2025-10-24,28.45,28.81,28.31,28.75,14221023,406528068.47,1.6858,23.455235,2.445118
2025-10-27,29.6,30.14,29.17,29.36,18919353,560309264.3,2.2427,23.952894,2.496997
2025-10-28,29.3,30.49,29.25,29.97,21070009,631012456.16,2.4976,24.450553,2.548876
2025-10-29,30.0,30.57,29.98,30.39,14687300,445747364.0,1.741,24.793203,2.584596
2025-10-30,29.5,29.65,28.51,28.69,27651744,801485323.65,3.2778,23.198337,2.364408
2025-10-31,28.58,28.8,27.85,28.01,18408000,520190464.31,2.1821,22.648499,2.308368
2025-11-03,27.96,28.01,27.06,27.23,19700888,537154706.81,2.3353,22.017801,2.244086
2025-11-04,27.23,27.39,26.45,26.69,17458144,468958351.98,2.0695,21.581165,2.199583
2025-11-05,26.34,26.9,26.3,26.79,11708963,311213555.81,1.388,21.662023,2.207825
2025-11-06,26.99,27.27,26.9,27.16,10538937,286039316.33,1.2493,21.9612,2.238317
2025-11-07,27.02,27.89,26.9,27.55,16685174,459627318.86,1.9779,22.276549,2.270458
2025-11-10,27.65,27.75,26.74,26.92,19691591,532041653.85,2.3342,21.76714,2.218538
2025-11-11,27.07,27.5,26.96,27.33,12187676,331146523.71,1.4447,22.09866,2.252327
2025-11-12,27.18,27.7,26.75,27.63,14953436,408598479.58,1.7726,22.341236,2.277051
2025-11-13,27.52,28.65,27.49,28.21,22958243,648469143.65,2.7215,22.810216,2.32485
2025-11-14,28.02,28.1,27.58,27.58,12898394,357803579.8,1.529,22.300806,2.27293
2025-11-17,27.67,27.81,27.33,27.46,9825287,270484253.78,1.1647,22.203776,2.263041
2025-11-18,27.3,27.48,26.81,27.01,11500588,312349803.74,1.3633,21.839912,2.225955
2025-11-19,26.99,27.17,26.51,26.72,9484932,254073088.28,1.1243,21.605422,2.202056
2025-11-20,26.98,28.04,26.98,27.25,22160835,611542307.08,2.6269,22.033973,2.245734
2025-11-21,26.8,26.94,25.91,25.91,17635818,463794580.42,2.0905,20.950468,2.135302
2025-11-24,26.21,26.56,25.99,26.31,9747714,256302937.26,1.1555,21.273902,2.168267
2025-11-25,26.54,27.05,26.31,26.41,15065716,402435781.87,1.7859,21.354761,2.176508
2025-11-26,26.34,26.69,26.13,26.36,10939220,289147114.87,1.2967,21.314331,2.172387
2025-11-27,26.3,26.88,26.25,26.39,9047444,240886094.64,1.0725,21.338589,2.17486
2025-11-28,26.4,26.53,26.22,26.45,7427400,195884516.0,0.8804,21.387104,2.179804
2025-12-01,26.62,26.93,26.41,26.82,12391381,331624478.91,1.4689,21.686281,2.210297
2025-12-02,26.78,27.14,26.62,26.93,11065728,297424341.68,1.3117,21.775225,2.219362
2025-12-03,27.1,27.13,26.49,26.6,11003500,294571832.18,1.3044,21.508392,2.192166
2025-12-04,26.59,26.68,26.03,26.47,8082520,212838229.47,0.9581,21.402934,2.181418
2025-12-05,26.33,26.78,26.18,26.73,7645800,202963225.0,0.9063,21.613163,2.202845
2025-12-08,26.75,27.2,26.75,26.99,11647889,314421302.64,1.3807,21.823393,2.224272
2025-12-09,27.0,27.58,26.86,26.98,11978704,325405044.4,1.42,21.815307,2.223447
2025-12-10,26.85,26.98,26.35,26.83,9241194,245758728.61,1.0954,21.694021,2.211086
2025-12-11,26.84,27.13,26.6,26.61,9185884,246609742.8,1.0889,21.516135,2.192955
2025-12-12,26.6,27.09,26.31,26.91,12297149,329834920.21,1.4577,21.758707,2.217679
2025-12-15,26.86,26.91,26.52,26.72,10176943,271663494.01,1.2064,21.605078,2.202021
2025-12-16,26.76,26.76,25.63,25.98,16114851,418602548.57,1.9102,21.006734,2.141036
2025-12-17,25.88,26.84,25.67,26.7,15168642,398770613.92,1.7981,21.588906,2.200372
2025-12-18,26.56,27.29,26.5,26.69,12351286,332491688.74,1.4641,21.580821,2.199548
2025-12-19,26.96,27.48,26.84,26.9,11184854,302693834.77,1.3258,21.750621,2.216855
2025-12-22,26.99,27.69,26.89,27.45,14884805,407616868.01,1.7644,22.195336,2.262181
2025-12-23,27.43,28.2,27.4,27.93,20139881,562956198.61,2.3874,22.583451,2.301738
2025-12-24,28.25,29.57,28.05,29.43,36765410,1061002995.96,4.3582,23.796311,2.425354
2025-12-25,29.29,29.92,28.91,29.27,26894533,789979704.08,3.1881,23.66694,2.412169
2025-12-26,29.26,29.4,28.6,28.9,18059056,521938853.65,2.1407,23.367767,2.381676
2025-12-29,29.0,29.34,28.4,28.76,18490260,531099428.42,2.1918,23.254567,2.370139
2025-12-30,28.62,28.78,28.34,28.62,14479980,413234903.0,1.7165,23.141367,2.358601
2025-12-31,28.65,28.8,28.28,28.3,13784290,393133502.24,1.634,22.882624,2.33223
2026-01-05,28.49,28.85,28.18,28.77,16645151,476413499.44,1.9731,23.262653,2.370963
2026-01-06,28.64,29.25,28.64,29.16,21219888,615900347.78,2.5154,23.577997,2.403103
2026-01-07,29.55,30.38,29.45,29.88,31163684,931586292.6,3.6941,24.160169,2.462439
2026-01-08,29.88,30.09,29.38,29.52,20036925,594181818.2,2.3752,23.869083,2.432771
2026-01-09,29.48,30.06,29.23,29.94,24261312,721777012.78,2.8759,24.208684,2.467384
2026-01-12,30.14,30.14,29.31,29.49,22106018,651920607.76,2.6204,23.844826,2.430299
2026-01-13,29.5,29.63,28.95,29.22,21216215,620651896.85,2.515,23.626511,2.408048
2026-01-14,29.2,29.84,28.92,29.18,21055752,619457379.05,2.4959,23.594168,2.404752
2026-01-15,29.07,29.99,29.0,29.84,19744268,586483557.89,2.3405,24.127826,2.459143
2026-01-16,30.13,30.29,29.56,29.93,16447791,491638305.03,1.9497,24.200598,2.46656
2026-01-19,29.97,30.5,29.93,30.06,16557675,499209399.34,1.9627,24.305712,2.477273
2026-01-20,30.1,30.38,29.36,29.9,14936884,444762213.9,1.7706,24.176341,2.464087
2026-01-21,29.7,30.68,29.65,30.37,22394744,680675370.77,2.6547,24.55637,2.502821
2026-01-22,30.67,30.9,30.0,30.59,19043724,579390840.88,2.2574,24.734256,2.520951
2026-01-23,30.64,31.25,30.4,31.18,22482794,693432418.17,2.6651,25.211315,2.569573
2026-01-26,31.35,31.35,30.13,30.17,18790150,574130413.78,2.2274,24.394656,2.486338
2026-01-27,30.15,30.49,29.37,30.36,15782442,473617790.36,1.8708,24.548284,2.501996
2026-01-28,30.37,31.07,30.19,30.8,17719444,543810321.05,2.1005,24.904057,2.538257
2026-01-29,30.71,31.16,29.5,29.68,19276982,581534885.8,2.2851,23.998455,2.445957
2026-01-30,29.55,30.4,28.91,30.14,19389636,577833991.14,2.2984,24.370398,2.483866
2026-02-02,29.91,30.27,29.1,29.13,17084032,505731329.85,2.0251,23.553739,2.400631
2026-02-03,29.55,30.09,29.3,29.99,15753696,469306657.72,1.8674,24.249112,2.471504
2026-02-04,29.84,30.36,29.59,30.13,13043324,391073349.2,1.5462,24.362313,2.483042
2026-02-05,29.99,30.06,29.08,29.11,14082268,414130709.2,1.6693,23.537568,2.398983
2026-02-06,28.91,29.62,28.67,29.1,9133535,267120918.55,1.0827,23.529482,2.398159
2026-02-09,29.51,29.8,29.42,29.62,9071035,268765846.05,1.0753,23.94994,2.441012
2026-02-10,29.6,32.2,29.6,31.43,40098425,1249444629.56,4.7533,25.413458,2.590176
2026-02-11,31.4,32.29,31.3,31.76,24975729,798146021.39,2.9606,25.680287,2.617372
2026-02-12,32.12,32.38,31.45,32.02,20273995,649760983.89,2.4033,25.890516,2.638799
2026-02-13,31.86,32.0,31.31,31.38,12753644,404045514.36,1.5118,25.373029,2.586056
2026-02-24,31.9,33.1,31.68,32.69,23834757,775689916.63,2.8254,26.43226,2.694014
2026-02-25,32.7,34.86,32.46,34.21,37894310,1277280428.37,4.492,27.661292,2.819279
2026-02-26,34.0,35.0,33.65,34.73,29297439,1009142748.09,3.4729,28.08175,2.862132
2026-02-27,34.15,34.25,33.35,33.63,22668728,763157049.42,2.6871,27.192319,2.77148
2026-03-02,33.5,36.5,33.41,35.79,41558029,1460383417.22,4.9263,28.938837,2.949488
2026-03-03,36.4,36.48,34.3,34.37,34282312,1207312256.79,4.0638,27.790663,2.832464
2026-03-04,34.08,35.75,34.06,34.59,26008426,909532239.71,3.083,27.968549,2.850595
2026-03-05,35.6,35.8,34.39,34.69,21552664,756534701.72,2.5548,28.049407,2.858836
2026-03-06,34.5,35.0,33.46,33.9,21188106,720036357.27,2.5116,27.410634,2.793731
2026-03-09,33.02,33.27,31.73,32.8,30209783,979041479.9,3.5811,26.521203,2.703079
2026-03-10,33.19,33.97,33.15,33.6,15354203,515978830.76,1.8201,27.168062,2.769008
