mean_e_growth_rate,report_infos,code,code_name,industry
-0.4800894925758547,国金证券  2025-12-03 00:00:00  -0.48008949257585476  15.94  67.8  58.97  https://pdf.dfcfw.com/pdf/H3_AP202512031793152503_1.pdf,sh.688336,三生国健,生物制品
0.6363584399348463,中邮证券  2025-12-31 00:00:00  0.6363584399348463  325.31  165.0  121.49  https://pdf.dfcfw.com/pdf/H3_AP202512311811805839_1.pdf,sh.688347,华虹公司,半导体
0.4527198087961264,东吴证券  2025-11-01 00:00:00  0.4527198087961264  26.19  15.48  12.41  https://pdf.dfcfw.com/pdf/H3_AP202511011772815911_1.pdf,sh.688349,三一重能,风电设备
0.8909983526691454,华源证券  2026-01-17 00:00:00  0.8909983526691454  388.34  167.99  108.6  https://pdf.dfcfw.com/pdf/H3_AP202601161817958734_1.pdf,sh.688361,中科飞测,半导体
0.3944333775567925,群益证券  2026-02-02 00:00:00  0.39443337755679253  70.0  41.0  36.0  https://pdf.dfcfw.com/pdf/H3_AP202602021819298728_1.pdf,sh.688363,华熙生物,医疗美容
0.3102013717976415,开源证券  2026-02-09 00:00:00  0.3102013717976415  146.6  106.6  85.4  https://pdf.dfcfw.com/pdf/H3_AP202602091819829679_1.pdf,sh.688375,国博电子,军工电子Ⅱ
0.4637937305166024,太平洋  2025-11-10 00:00:00  0.46379373051660244  74.18  47.17  34.62  https://pdf.dfcfw.com/pdf/H3_AP202511101778756459_1.pdf,sh.688385,复旦微电,半导体
,中邮证券  2025-12-23 00:00:00  nan  -948.88  379.28  173.03  https://pdf.dfcfw.com/pdf/H3_AP202512231806583977_1.pdf,sh.688387,信科移动,通信设备
,,sh.688425,铁建重工,基础建设
,中邮证券  2026-02-10 00:00:00  nan  -104.23  951.53  95.23  https://pdf.dfcfw.com/pdf/H3_AP202602101819851867_1.pdf,sh.688469,芯联集成,半导体
0.214321321226981,东海证券  2026-01-30 00:00:00  0.214321321226981  43.5  36.4  29.5  https://pdf.dfcfw.com/pdf/H3_AP202601301818568018_1.pdf,sh.688475,萤石网络,计算机设备
0.6090343161209599,中邮证券  2025-07-24 00:00:00  0.6090343161209599  157.1  104.22  60.68  https://pdf.dfcfw.com/pdf/H3_AP202507241714763011_1.pdf,sh.688520,神州细胞,生物制品
0.6516724790411621,华鑫证券  2026-01-22 00:00:00  0.6516724790411621  99.3  45.7  36.4  https://pdf.dfcfw.com/pdf/H3_AP202601221818237990_1.pdf,sh.688525,佰维存储,半导体
,,sh.688538,和辉光电,光学光电子
,,sh.688561,奇安信,软件开发
0.1653540750137045,中邮证券  2025-09-04 00:00:00  0.16535407501370458  39.56  34.16  29.13  https://pdf.dfcfw.com/pdf/H3_AP202509041738748201_1.pdf,sh.688563,航材股份,航空装备Ⅱ
0.1998248558700444,开源证券  2025-12-01 00:00:00  0.1998248558700444  82.2  68.1  57.1  https://pdf.dfcfw.com/pdf/H3_AP202512011791937421_1.pdf,sh.688568,中科星图,IT服务Ⅱ
0.1776409923983656,"中邮证券  2025-11-03 00:00:00  0.18825019851837577  23.89  20.6  16.92  https://pdf.dfcfw.com/pdf/H3_AP202511031774285078_1.pdf
华安证券  2025-10-30 00:00:00  0.16703178627835547  31.08  26.03  22.82  https://pdf.dfcfw.com/pdf/H3_AP202510301771970882_1.pdf",sh.688578,艾力斯,化学制药
0.4177547930778189,华安证券  2025-11-23 00:00:00  0.41775479307781893  70.15  46.57  34.9  https://pdf.dfcfw.com/pdf/H3_AP202511231786950544_1.pdf,sh.688582,芯动联科,半导体
,"东吴证券  2025-11-10 00:00:00  nan  -11.94  67.7  20.13  https://pdf.dfcfw.com/pdf/H3_AP202511101778611398_1.pdf
中银证券  2025-11-07 00:00:00  nan  -15.3  24.9  14.9  https://pdf.dfcfw.com/pdf/H3_AP202511071776646234_1.pdf
国金证券  2025-10-31 00:00:00  nan  -7.85  27.03  11.62  https://pdf.dfcfw.com/pdf/H3_AP202510311772510546_1.pdf",sh.688599,天合光能,光伏设备
0.3776838842578034,"太平洋  2025-11-09 00:00:00  0.362332520207848  53.34  35.94  28.74  https://pdf.dfcfw.com/pdf/H3_AP202511091777932146_1.pdf
东吴证券  2025-11-01 00:00:00  0.3565055701924671  47.99  33.26  26.08  https://pdf.dfcfw.com/pdf/H3_AP202511011772836291_1.pdf
民生证券  2025-10-31 00:00:00  0.41421356237309515  56.0  40.0  28.0  https://pdf.dfcfw.com/pdf/H3_AP202510311772740620_1.pdf",sh.688608,恒玄科技,半导体
0.2445659234495778,中邮证券  2025-12-15 00:00:00  0.24456592344957784  64.56  52.08  41.68  https://pdf.dfcfw.com/pdf/H3_AP202512151801026064_1.pdf,sh.688615,合合信息,软件开发
0.2603766920806069,"国金证券  2026-02-27 00:00:00  0.25371628021582127  41.81  33.99  26.6  https://pdf.dfcfw.com/pdf/H3_AP202602271820085448_1.pdf
华源证券  2026-02-10 00:00:00  0.2670371039453925  38.77  30.59  24.15  https://pdf.dfcfw.com/pdf/H3_AP202602101819850202_1.pdf",sh.688617,惠泰医疗,医疗器械
0.700452919122386,山西证券  2026-02-13 00:00:00  0.700452919122386  133.3  70.5  46.1  https://pdf.dfcfw.com/pdf/H3_AP202602131819921088_1.pdf,sh.688629,华丰科技,军工电子Ⅱ
0.3968751419247205,"东吴证券  2026-02-26 00:00:00  0.3581585307299715  70.98  52.52  38.48  https://pdf.dfcfw.com/pdf/H3_AP202602261820057351_1.pdf
国金证券  2026-02-26 00:00:00  0.4355917531194695  62.92  42.96  30.53  https://pdf.dfcfw.com/pdf/H3_AP202602261820052562_1.pdf",sh.688676,金盘科技,电网设备
0.3008247288608289,"民生证券  2025-11-02 00:00:00  0.3008872711759818  66.0  50.0  39.0  https://pdf.dfcfw.com/pdf/H3_AP202511021773788896_1.pdf
山西证券  2025-10-31 00:00:00  0.31269335406556764  61.0  45.3  35.4  https://pdf.dfcfw.com/pdf/H3_AP202510311772577506_1.pdf
华龙证券  2025-10-31 00:00:00  0.28889356134093735  61.3  47.3  36.9  https://pdf.dfcfw.com/pdf/H3_AP202510311772342076_1.pdf",sh.688692,达梦数据,软件开发
,东吴证券  2026-02-27 00:00:00  nan  -503.52  1449.62  574.04  https://pdf.dfcfw.com/pdf/H3_AP202602271820103169_1.pdf,sh.688702,盛科通信,半导体
,,sh.688709,成都华微,半导体
1.195151539640385,中邮证券  2025-10-17 00:00:00  1.195151539640385  206.77  83.96  42.91  https://pdf.dfcfw.com/pdf/H3_AP202510171763859171_1.pdf,sh.688728,格科微,半导体
0.7928143744093599,东吴证券  2026-03-02 00:00:00  0.7928143744093599  44.87  20.77  13.96  https://pdf.dfcfw.com/pdf/H3_AP202603021820185072_1.pdf,sh.688772,珠海冠宇,电池
0.1785113019775792,开源证券  2025-10-27 00:00:00  0.17851130197757925  37.5  32.6  27.0  https://pdf.dfcfw.com/pdf/H3_AP202510271769889205_1.pdf,sh.688777,中控技术,自动化设备
0.2840872763969685,"国信证券  2026-01-29 00:00:00  0.2690058550863803  60.84  45.04  37.78  https://pdf.dfcfw.com/pdf/H3_AP202601291818550400_1.pdf
东吴证券  2026-01-28 00:00:00  0.2991686977075567  62.18  44.51  36.84  https://pdf.dfcfw.com/pdf/H3_AP202601281818492281_1.pdf",sh.688778,厦钨新能,电池
0.1521430589638528,国信证券  2025-09-05 00:00:00  0.15214305896385283  15.0  12.8  11.3  https://pdf.dfcfw.com/pdf/H3_AP202509051739148087_1.pdf,sh.688819,天能股份,电池
0.3072392946951811,"开源证券  2026-02-01 00:00:00  0.2971274735120224  21.2  16.1  12.6  https://pdf.dfcfw.com/pdf/H3_AP202602011819088233_1.pdf
信达证券  2026-01-30 00:00:00  0.2969188154842912  21.21  15.98  12.61  https://pdf.dfcfw.com/pdf/H3_AP202601301818600142_1.pdf
开源证券  2026-01-05 00:00:00  0.3276715950892297  20.8  16.0  11.8  https://pdf.dfcfw.com/pdf/H3_AP202601051815318276_1.pdf",sh.689009,九号公司,摩托车及其他
,,sz.000009,中国宝安,综合Ⅱ
,,sz.000021,深科技,消费电子
,,sz.000027,深圳能源,电力
0.3057345582423352,东吴证券  2025-04-28 00:00:00  0.3057345582423352  56.57  43.1  33.18  https://pdf.dfcfw.com/pdf/H3_AP202504281663886759_1.pdf,sz.000032,深桑达A,专业工程
0.2371360151763768,中邮证券  2025-11-07 00:00:00  0.23713601517637684  26.34  20.42  17.21  https://pdf.dfcfw.com/pdf/H3_AP202511071776867246_1.pdf,sz.000034,神州数码,IT服务Ⅱ
0.3045333376022487,东吴证券  2025-11-01 00:00:00  0.30453333760224877  16.95  12.98  9.96  https://pdf.dfcfw.com/pdf/H3_AP202511011772836350_1.pdf,sz.000039,中集集团,通用设备
,,sz.000050,深天马A,光学光电子
0.0791752242426457,华安证券  2025-11-03 00:00:00  0.07917522424264578  18.96  17.14  16.28  https://pdf.dfcfw.com/pdf/H3_AP202511031774350267_1.pdf,sz.000060,中金岭南,工业金属
,,sz.000062,深圳华强,其他电子Ⅱ
0.0706522760898127,西南证券  2025-11-06 00:00:00  0.07065227608981273  18.57  17.29  16.2  https://pdf.dfcfw.com/pdf/H3_AP202511061776242002_1.pdf,sz.000088,盐田港,航运港口
,,sz.000155,川能动力,电力
0.1944443458350522,"华源证券  2025-11-22 00:00:00  0.17184873672175538  19.39  16.61  14.12  https://pdf.dfcfw.com/pdf/H3_AP202511221786394898_1.pdf
中邮证券  2025-11-12 00:00:00  0.1761001993164173  22.74  19.2  16.44  https://pdf.dfcfw.com/pdf/H3_AP202511121779846984_1.pdf
民生证券  2025-10-31 00:00:00  0.20894104965397764  19.0  16.0  13.0  https://pdf.dfcfw.com/pdf/H3_AP202510311772388718_1.pdf
东吴证券  2025-10-28 00:00:00  0.22088739764805876  18.96  15.85  12.72  https://pdf.dfcfw.com/pdf/H3_AP202510281770613053_1.pdf",sz.000400,许继电气,电网设备
,西南证券  2025-07-22 00:00:00  nan  -28.88  9.84  8.43  https://pdf.dfcfw.com/pdf/H3_AP202507221713554206_1.pdf,sz.000415,渤海租赁,多元金融
0.1652928220289176,"开源证券  2025-08-22 00:00:00  0.17620518899405524  18.4  15.6  13.3  https://pdf.dfcfw.com/pdf/H3_AP202508221732463105_1.pdf
国金证券  2025-08-22 00:00:00  0.15438045506377995  18.03  15.56  13.53  https://pdf.dfcfw.com/pdf/H3_AP202508221732153903_1.pdf",sz.000423,东阿阿胶,中药Ⅱ
0.2136703151074436,"国信证券  2025-11-03 00:00:00  0.20259575882329828  26.9  21.2  18.6  https://pdf.dfcfw.com/pdf/H3_AP202511031774267173_1.pdf
民生证券  2025-10-31 00:00:00  0.22474487139158894  27.0  21.0  18.0  https://pdf.dfcfw.com/pdf/H3_AP202510311772728031_1.pdf",sz.000426,兴业银锡,贵金属
0.008009281249723,太平洋  2025-03-17 00:00:00  0.008009281249723  17.69  17.57  17.41  https://pdf.dfcfw.com/pdf/H3_AP202503171644434976_1.pdf,sz.000429,粤高速A,铁路公路
0.1244881146020833,"国信证券  2025-11-04 00:00:00  0.14409050753465058  16.1  14.2  12.3  https://pdf.dfcfw.com/pdf/H3_AP202511041774868847_1.pdf
太平洋  2025-10-31 00:00:00  0.11812723206674525  14.99  13.53  11.99  https://pdf.dfcfw.com/pdf/H3_AP202510311772420303_1.pdf
东海证券  2025-10-31 00:00:00  0.11124660420485433  13.67  12.24  11.07  https://pdf.dfcfw.com/pdf/H3_AP202510311772467218_1.pdf",sz.000513,丽珠集团,化学制药
0.7332949324611187,中航证券  2025-09-11 00:00:00  0.7332949324611187  132.4  72.85  44.07  https://pdf.dfcfw.com/pdf/H3_AP202509111741699451_1.pdf,sz.000519,中兵红箭,地面兵装Ⅱ
0.2784824018939671,"中邮证券  2026-02-02 00:00:00  0.23410394712165772  14.56  11.68  9.56  https://pdf.dfcfw.com/pdf/H3_AP202602021819311041_1.pdf
国金证券  2026-01-28 00:00:00  0.2839971373210488  14.64  11.2  8.88  https://pdf.dfcfw.com/pdf/H3_AP202601281818492725_1.pdf
东吴证券  2026-01-28 00:00:00  0.27540843131393267  14.64  11.81  9.0  https://pdf.dfcfw.com/pdf/H3_AP202601281818487474_1.pdf
华安证券  2025-12-31 00:00:00  0.28207199847415865  12.41  9.64  7.55  https://pdf.dfcfw.com/pdf/H3_AP202512311812101070_1.pdf
华鑫证券  2025-12-19 00:00:00  0.3168304952390377  16.3  11.9  9.4  https://pdf.dfcfw.com/pdf/H3_AP202512191803803562_1.pdf",sz.000528,柳工,工程机械
0.140175425099138,民生证券  2025-04-30 00:00:00  0.14017542509913805  13.0  12.0  10.0  https://pdf.dfcfw.com/pdf/H3_AP202504301665196315_1.pdf,sz.000537,绿发电力,电力
0.1700242488951007,信达证券  2025-04-01 00:00:00  0.1700242488951007  26.9  20.56  19.65  https://pdf.dfcfw.com/pdf/H3_AP202504011649908080_1.pdf,sz.000539,粤电力A,电力
,,sz.000559,万向钱潮,汽车零部件
,,sz.000563,陕国投A,多元金融
0.0041261595831101,信达证券  2025-09-01 00:00:00  0.004126159583110134  17.07  17.13  16.93  https://pdf.dfcfw.com/pdf/H3_AP202509011737753074_1.pdf,sz.000582,北部湾港,航运港口
0.0416645021622532,西南证券  2025-09-11 00:00:00  0.04166450216225326  16.71  16.44  15.4  https://pdf.dfcfw.com/pdf/H3_AP202509111741633006_1.pdf,sz.000591,太阳能,电力
0.0928184789465712,"信达证券  2025-10-30 00:00:00  0.09766937134115561  9.88  8.61  8.2  https://pdf.dfcfw.com/pdf/H3_AP202510301771915536_1.pdf
东吴证券  2025-10-30 00:00:00  0.08796758655198689  9.86  9.06  8.33  https://pdf.dfcfw.com/pdf/H3_AP202510301771589377_1.pdf",sz.000598,兴蓉环境,环境治理
,,sz.000623,吉林敖东,中药Ⅱ
0.2390869877770998,"民生证券  2025-04-08 00:00:00  0.24034734589208462  40.0  30.0  26.0  https://pdf.dfcfw.com/pdf/H3_AP202504081653225141_1.pdf
东海证券  2025-03-31 00:00:00  0.23782662966211499  45.66  40.04  29.8  https://pdf.dfcfw.com/pdf/H3_AP202503311649616486_1.pdf",sz.000629,钒钛股份,冶钢原料
0.322594192623677,东吴证券  2026-02-13 00:00:00  0.32259419262367706  93.97  66.39  53.72  https://pdf.dfcfw.com/pdf/H3_AP202602131819914999_1.pdf,sz.000657,中钨高新,小金属
0.1839085033322023,开源证券  2025-10-30 00:00:00  0.18390850333220232  17.1  12.7  12.2  https://pdf.dfcfw.com/pdf/H3_AP202510301771739254_1.pdf,sz.000683,博源化工,化学原料
0.3762403419117175,东吴证券  2025-10-13 00:00:00  0.3762403419117175  55.59  36.9  29.35  https://pdf.dfcfw.com/pdf/H3_AP202510121760932897_1.pdf,sz.000703,恒逸石化,炼化及贸易
,,sz.000709,河钢股份,普钢
,开源证券  2025-08-29 00:00:00  nan  -32.5  150.1  51.7  https://pdf.dfcfw.com/pdf/H3_AP202508291736469722_1.pdf,sz.000723,美锦能源,焦炭Ⅱ
0.1204618612914478,山西证券  2025-08-29 00:00:00  0.12046186129144787  13.86  12.36  11.04  https://pdf.dfcfw.com/pdf/H3_AP202508291736469106_1.pdf,sz.000728,国元证券,证券Ⅱ
0.1314074375556556,"爱建证券  2025-12-24 00:00:00  0.18587763718470418  23.64  19.38  16.81  https://pdf.dfcfw.com/pdf/H3_AP202512241807257749_1.pdf
诚通证券  2025-12-24 00:00:00  0.07693723792660712  22.5  20.5  19.4  https://pdf.dfcfw.com/pdf/H3_AP202512241807186463_1.pdf",sz.000729,燕京啤酒,非白酒
0.2193794643438833,"东吴证券  2025-10-28 00:00:00  0.15590567786387144  27.19  23.51  20.35  https://pdf.dfcfw.com/pdf/H3_AP202510281770845045_1.pdf
国金证券  2025-10-26 00:00:00  0.25501358624313153  26.65  20.76  16.92  https://pdf.dfcfw.com/pdf/H3_AP202510261769314715_1.pdf
民生证券  2025-10-25 00:00:00  0.24721912892464704  28.0  22.0  18.0  https://pdf.dfcfw.com/pdf/H3_AP202510251768695852_1.pdf",sz.000733,振华科技,军工电子Ⅱ
0.140175425099138,民生证券  2025-10-29 00:00:00  0.14017542509913805  39.0  34.0  30.0  https://pdf.dfcfw.com/pdf/H3_AP202510291771259284_1.pdf,sz.000738,航发控制,航空装备Ⅱ
0.2588816329404924,"太平洋  2025-10-24 00:00:00  0.2289588008233321  20.45  16.97  13.54  https://pdf.dfcfw.com/pdf/H3_AP202510241768118675_1.pdf
开源证券  2025-10-23 00:00:00  0.28880446505765267  19.6  14.8  11.8  https://pdf.dfcfw.com/pdf/H3_AP202510231767460486_1.pdf",sz.000739,普洛药业,化学制药
0.162491165838883,山西证券  2025-09-09 00:00:00  0.162491165838883  53.15  44.85  39.33  https://pdf.dfcfw.com/pdf/H3_AP202509091740654203_1.pdf,sz.000750,国海证券,证券Ⅱ
0.0723805294763608,太平洋  2025-10-15 00:00:00  0.07238052947636087  15.18  14.39  13.2  https://pdf.dfcfw.com/pdf/H3_AP202510151762700925_1.pdf,sz.000783,长江证券,证券Ⅱ
,,sz.000785,居然智家,一般零售
,,sz.000825,太钢不锈,特钢Ⅱ
0.4395215254459454,华安证券  2025-11-06 00:00:00  0.43952152544594547  14.92  10.59  7.2  https://pdf.dfcfw.com/pdf/H3_AP202511061776078337_1.pdf,sz.000830,鲁西化工,化学原料
0.3016732230975431,"东莞证券  2025-09-02 00:00:00  0.35955803405094544  174.23  129.23  94.26  https://pdf.dfcfw.com/pdf/H3_AP202509021738074602_1.pdf
华源证券  2025-08-05 00:00:00  0.2437884121441407  123.9  96.04  80.09  https://pdf.dfcfw.com/pdf/H3_AP202508051721902955_1.pdf",sz.000831,中国稀土,小金属
0.2341905390773945,"民生证券  2025-09-30 00:00:00  0.27920429813366265  18.0  14.0  11.0  https://pdf.dfcfw.com/pdf/H3_AP202509301753514295_1.pdf
国信证券  2025-09-29 00:00:00  0.18917678002112637  14.0  16.1  9.9  https://pdf.dfcfw.com/pdf/H3_AP202509291752862455_1.pdf",sz.000878,云南铜业,工业金属
-0.0475821831332655,海通国际  2025-12-17 00:00:00  -0.047582183133265565  12.01  13.52  13.24  https://pdf.dfcfw.com/pdf/H3_AP202512171802442982_1.pdf,sz.000883,湖北能源,电力
0.1316865068392776,"华安证券  2025-11-23 00:00:00  0.11721494945566557  15.34  13.75  12.29  https://pdf.dfcfw.com/pdf/H3_AP202511231786932213_1.pdf
民生证券  2025-10-30 00:00:00  0.17669681082910427  18.0  15.0  13.0  https://pdf.dfcfw.com/pdf/H3_AP202510301771866530_1.pdf
东吴证券  2025-10-30 00:00:00  0.10114776023306304  17.23  15.93  14.21  https://pdf.dfcfw.com/pdf/H3_AP202510301771606294_1.pdf",sz.000887,中鼎股份,汽车零部件
0.3327112976879405,国信证券  2025-12-08 00:00:00  0.3327112976879405  23.8  16.2  13.4  https://pdf.dfcfw.com/pdf/H3_AP202512081796202914_1.pdf,sz.000893,亚钾国际,农化制品
,,sz.000898,鞍钢股份,普钢
0.1150229969012217,太平洋  2025-10-31 00:00:00  0.11502299690122175  10.17  9.1  8.18  https://pdf.dfcfw.com/pdf/H3_AP202510311772354118_1.pdf,sz.000921,海信家电,白色家电
0.1671216895548537,华安证券  2025-09-26 00:00:00  0.16712168955485374  13.54  10.83  9.94  https://pdf.dfcfw.com/pdf/H3_AP202509261750837287_1.pdf,sz.000932,华菱钢铁,普钢
0.1336769238621709,信达证券  2025-12-22 00:00:00  0.1336769238621709  11.22  9.64  8.73  https://pdf.dfcfw.com/pdf/H3_AP202512221805909483_1.pdf,sz.000933,神火股份,工业金属
0.1470786693528087,民生证券  2025-08-16 00:00:00  0.14707866935280878  25.0  20.0  19.0  https://pdf.dfcfw.com/pdf/H3_AP202508161728416852_1.pdf,sz.000937,冀中能源,煤炭开采
0.205133528596579,"西南证券  2025-11-02 00:00:00  0.27079283340278293  13.21  9.95  8.18  https://pdf.dfcfw.com/pdf/H3_AP202511021773734714_1.pdf
东吴证券  2025-11-01 00:00:00  0.14275732723229106  12.85  11.25  9.84  https://pdf.dfcfw.com/pdf/H3_AP202511011772836311_1.pdf
民生证券  2025-10-31 00:00:00  0.20185042515466312  13.0  11.0  9.0  https://pdf.dfcfw.com/pdf/H3_AP202510311772517708_1.pdf",sz.000951,中国重汽,商用车
0.0549676822686224,国信证券  2025-05-19 00:00:00  0.054967682268622475  33.5  30.7  30.1  https://pdf.dfcfw.com/pdf/H3_AP202505191675459251_1.pdf,sz.000958,电投产融,电力
,,sz.000959,首钢股份,普钢
0.153375067972087,"国元证券  2025-11-09 00:00:00  0.20480380590549463  15.43  12.66  10.63  https://pdf.dfcfw.com/pdf/H3_AP202511091778003159_1.pdf
民生证券  2025-10-28 00:00:00  0.10194633003867937  17.0  15.0  14.0  https://pdf.dfcfw.com/pdf/H3_AP202510281770613047_1.pdf",sz.000960,锡业股份,小金属
,,sz.000967,盈峰环境,环保设备Ⅱ
,,sz.000987,越秀资本,多元金融
0.1948350422098329,"国信证券  2025-11-03 00:00:00  0.21706614446380845  23.7  19.7  16.0  https://pdf.dfcfw.com/pdf/H3_AP202511031774449352_1.pdf
民生证券  2025-10-30 00:00:00  0.17260393995585743  22.0  18.0  16.0  https://pdf.dfcfw.com/pdf/H3_AP202510301772104478_1.pdf",sz.000997,新大陆,计算机设备
,,sz.001213,中铁特货,铁路公路
0.3364872379382781,东莞证券  2026-02-26 00:00:00  0.33648723793827817  42.19  32.27  23.62  https://pdf.dfcfw.com/pdf/H3_AP202602261820064313_1.pdf,sz.001221,悍高集团,家居用品
0.1645447108469662,信达证券  2025-10-29 00:00:00  0.1645447108469662  11.88  9.71  8.76  https://pdf.dfcfw.com/pdf/H3_AP202510291771106118_1.pdf,sz.001286,陕西能源,电力
0.1838560518556096,华鑫证券  2025-09-25 00:00:00  0.1838560518556096  37.0  30.8  26.4  https://pdf.dfcfw.com/pdf/H3_AP202509251750357017_1.pdf,sz.001389,广合科技,元件
0.2329765666357299,华鑫证券  2025-12-24 00:00:00  0.23297656663572996  26.3  20.9  17.3  https://pdf.dfcfw.com/pdf/H3_AP202512241806974069_1.pdf,sz.001696,宗申动力,通用设备
0.127611803719821,华安证券  2026-01-07 00:00:00  0.12761180371982106  22.76  20.28  17.9  https://pdf.dfcfw.com/pdf/H3_AP202601071816787516_1.pdf,sz.002007,华兰生物,生物制品
0.4210842759951008,华鑫证券  2025-12-24 00:00:00  0.4210842759951008  31.1  19.0  15.4  https://pdf.dfcfw.com/pdf/H3_AP202512241806973951_1.pdf,sz.002008,大族激光,自动化设备
0.0721133431249863,东吴证券  2025-10-31 00:00:00  0.0721133431249863  76.23  68.78  66.32  https://pdf.dfcfw.com/pdf/H3_AP202510311772218703_1.pdf,sz.002025,航天电器,军工电子Ⅱ
0.0650014966747525,国信证券  2026-02-27 00:00:00  0.06500149667475252  16.9  15.7  14.9  https://pdf.dfcfw.com/pdf/H3_AP202602271820103754_1.pdf,sz.002032,苏泊尔,小家电
0.3452254486471215,"西南证券  2025-11-17 00:00:00  0.18455781273976468  51.23  43.39  36.51  https://pdf.dfcfw.com/pdf/H3_AP202511171783101998_1.pdf
海通国际  2025-11-12 00:00:00  0.5096213682603992  51.55  31.54  22.62  https://pdf.dfcfw.com/pdf/H3_AP202511121779738183_1.pdf
华安证券  2025-11-07 00:00:00  0.34149716494120086  56.04  41.51  31.14  https://pdf.dfcfw.com/pdf/H3_AP202511021773597226_1.pdf",sz.002044,美年健康,医疗服务
0.1388174344227348,"东吴证券  2025-11-10 00:00:00  0.14372714961846111  19.19  16.6  14.67  https://pdf.dfcfw.com/pdf/H3_AP202511101778611441_1.pdf
太平洋  2025-11-09 00:00:00  0.1385748036851273  17.06  14.96  13.16  https://pdf.dfcfw.com/pdf/H3_AP202511091778040575_1.pdf
山西证券  2025-11-03 00:00:00  0.1278558522831772  17.3  15.6  13.6  https://pdf.dfcfw.com/pdf/H3_AP202511031774440508_1.pdf
国金证券  2025-10-27 00:00:00  0.1451119321041736  18.83  16.2  14.36  https://pdf.dfcfw.com/pdf/H3_AP202510271769840894_1.pdf",sz.002056,横店东磁,光伏设备
0.264184904955335,"开源证券  2025-10-28 00:00:00  0.3398789462302858  22.8  16.2  12.7  https://pdf.dfcfw.com/pdf/H3_AP202510281770427876_1.pdf
国金证券  2025-10-27 00:00:00  0.10109216312778613  22.09  19.57  18.22  https://pdf.dfcfw.com/pdf/H3_AP202510271769864064_1.pdf
华安证券  2025-10-27 00:00:00  0.3515836055079331  21.83  12.31  11.95  https://pdf.dfcfw.com/pdf/H3_AP202510271769870284_1.pdf",sz.002064,华峰化学,化学纤维
,,sz.002065,东华软件,IT服务Ⅱ
0.1294354614899309,信达证券  2026-03-01 00:00:00  0.1294354614899309  14.81  13.19  11.61  https://pdf.dfcfw.com/pdf/H3_AP202603011820162726_1.pdf,sz.002078,太阳纸业,造纸
0.2362642202530869,国金证券  2026-01-05 00:00:00  0.2362642202530869  30.46  23.38  19.93  https://pdf.dfcfw.com/pdf/H3_AP202601051815158621_1.pdf,sz.002080,中材科技,玻璃玻纤
0.1624696283654081,"国信证券  2025-11-17 00:00:00  0.18487196296791963  35.8  29.8  25.5  https://pdf.dfcfw.com/pdf/H3_AP202511171783013221_1.pdf
国元证券  2025-10-28 00:00:00  0.14006729376289662  36.9  31.71  28.39  https://pdf.dfcfw.com/pdf/H3_AP202510281770423651_1.pdf",sz.002085,万丰奥威,汽车零部件
0.2549717974636361,"中银证券  2025-11-12 00:00:00  0.24096736459908574  15.4  11.6  10.0  https://pdf.dfcfw.com/pdf/H3_AP202511121779774231_1.pdf
民生证券  2025-10-31 00:00:00  0.2909944487358056  15.0  11.0  9.0  https://pdf.dfcfw.com/pdf/H3_AP202510311772414426_1.pdf
国信证券  2025-10-31 00:00:00  0.26718950073350545  16.7  12.2  10.4  https://pdf.dfcfw.com/pdf/H3_AP202510311772604702_1.pdf
信达证券  2025-10-29 00:00:00  0.2207358757861475  15.2  11.44  10.2  https://pdf.dfcfw.com/pdf/H3_AP202510291771362508_1.pdf",sz.002120,韵达股份,物流
0.266367496402486,辉立证券  2026-01-30 00:00:00  0.266367496402486  34.8  26.8  21.7  https://pdf.dfcfw.com/pdf/H3_AP202601301818563770_1.pdf,sz.002126,银轮股份,汽车零部件
0.0670326518971551,"华源证券  2025-11-27 00:00:00  0.07105424262053672  10.29  9.28  8.97  https://pdf.dfcfw.com/pdf/H3_AP202511271789363457_1.pdf
国信证券  2025-11-18 00:00:00  0.03237080241752799  8.1  7.8  7.6  https://pdf.dfcfw.com/pdf/H3_AP202511181783802155_1.pdf
信达证券  2025-10-26 00:00:00  0.10816447495980741  10.34  9.42  8.42  https://pdf.dfcfw.com/pdf/H3_AP202510261769233516_1.pdf
开源证券  2025-10-25 00:00:00  0.05654108759074861  9.6  9.1  8.6  https://pdf.dfcfw.com/pdf/H3_AP202510251768906703_1.pdf",sz.002128,电投能源,煤炭开采
0.4912681170785236,山西证券  2026-02-10 00:00:00  0.4912681170785236  29.8  18.3  13.4  https://pdf.dfcfw.com/pdf/H3_AP202602101819851833_1.pdf,sz.002130,沃尔核材,其他电子Ⅱ
,,sz.002131,利欧股份,通用设备
0.2666934908215265,"华金证券  2026-01-18 00:00:00  0.2567765033955638  30.8  24.1  19.5  https://pdf.dfcfw.com/pdf/H3_AP202601181818072920_1.pdf
中邮证券  2026-01-06 00:00:00  0.2766104782474892  28.83  21.77  17.69  https://pdf.dfcfw.com/pdf/H3_AP202601061816080676_1.pdf",sz.002138,顺络电子,元件
0.1435437497937313,东莞证券  2025-11-13 00:00:00  0.1435437497937313  34.0  29.0  26.0  https://pdf.dfcfw.com/pdf/H3_AP202511131780600288_1.pdf,sz.002152,广电运通,计算机设备
0.8922592743306406,民生证券  2025-09-01 00:00:00  0.8922592743306406  222.0  106.0  62.0  https://pdf.dfcfw.com/pdf/H3_AP202509011737611458_1.pdf,sz.002153,石基信息,软件开发
0.232510492745125,"国元证券  2025-11-16 00:00:00  0.24027611409866112  20.09  14.46  13.06  https://pdf.dfcfw.com/pdf/H3_AP202511161782378374_1.pdf
民生证券  2025-10-29 00:00:00  0.22474487139158894  21.0  17.0  14.0  https://pdf.dfcfw.com/pdf/H3_AP202510291771322127_1.pdf",sz.002155,湖南黄金,贵金属
0.3686359658290117,"群益证券  2026-02-25 00:00:00  0.49298614648220584  58.4  39.6  26.2  https://pdf.dfcfw.com/pdf/H3_AP202602251820019859_1.pdf
中邮证券  2026-02-02 00:00:00  0.26369039672740335  61.05  47.92  38.23  https://pdf.dfcfw.com/pdf/H3_AP202602021819369708_1.pdf
群益证券  2026-01-20 00:00:00  0.46076315543709123  57.4  38.9  26.9  https://pdf.dfcfw.com/pdf/H3_AP202601201818149149_1.pdf
华金证券  2026-01-14 00:00:00  0.2571041646693464  61.0  47.3  38.6  https://pdf.dfcfw.com/pdf/H3_AP202601141817013354_1.pdf",sz.002156,通富微电,半导体
,,sz.002157,正邦科技,养殖业
0.3367709309149158,华金证券  2025-08-22 00:00:00  0.33677093091491583  41.1  29.6  23.0  https://pdf.dfcfw.com/pdf/H3_AP202508221731911978_1.pdf,sz.002185,华天科技,半导体
,,sz.002195,岩山科技,IT服务Ⅱ
0.2669610338217581,"东吴证券  2025-10-28 00:00:00  0.2870664646350576  19.63  14.43  11.85  https://pdf.dfcfw.com/pdf/H3_AP202510281770530667_1.pdf
民生证券  2025-10-27 00:00:00  0.24034734589208462  20.0  16.0  13.0  https://pdf.dfcfw.com/pdf/H3_AP202510271769969886_1.pdf
国金证券  2025-10-26 00:00:00  0.443569401674081  18.63  11.46  8.94  https://pdf.dfcfw.com/pdf/H3_AP202510261769314720_1.pdf
国信证券  2025-10-26 00:00:00  0.28965295633146226  22.42  18.17  13.48  https://pdf.dfcfw.com/pdf/H3_AP202510261769314660_1.pdf
华安证券  2025-10-10 00:00:00  0.24083944959956027  18.43  14.49  11.97  https://pdf.dfcfw.com/pdf/H3_AP202510101759451684_1.pdf
国信证券  2025-10-10 00:00:00  0.2909098460653301  25.43  18.68  15.26  https://pdf.dfcfw.com/pdf/H3_AP202510101759409325_1.pdf
国信证券  2025-10-08 00:00:00  0.2909944487358056  23.45  17.22  14.07  https://pdf.dfcfw.com/pdf/H3_AP202510081758247174_1.pdf
民生证券  2025-09-15 00:00:00  0.20604537831105452  16.0  12.0  11.0  https://pdf.dfcfw.com/pdf/H3_AP202509151744122889_1.pdf
东莞证券  2025-08-26 00:00:00  0.17669681082910427  18.0  15.0  13.0  https://pdf.dfcfw.com/pdf/H3_AP202508261734782904_1.pdf
国信证券  2025-08-25 00:00:00  0.2912547036419342  16.54  12.15  9.92  https://pdf.dfcfw.com/pdf/H3_AP202508251734018260_1.pdf
东吴证券  2025-08-24 00:00:00  0.20084838193796695  13.31  10.91  9.23  https://pdf.dfcfw.com/pdf/H3_AP202508241733607255_1.pdf
国金证券  2025-08-24 00:00:00  0.24530721820765589  13.74  10.14  8.86  https://pdf.dfcfw.com/pdf/H3_AP202508241733556501_1.pdf",sz.002202,金风科技,风电设备
0.4938899949705704,华龙证券  2025-11-05 00:00:00  0.4938899949705704  18.3  9.7  8.2  https://pdf.dfcfw.com/pdf/H3_AP202511051775429138_1.pdf,sz.002203,海亮股份,工业金属
0.1780259559483002,"太平洋  2025-11-09 00:00:00  0.20003767838360664  19.11  15.74  13.27  https://pdf.dfcfw.com/pdf/H3_AP202511091777969171_1.pdf
华源证券  2025-10-28 00:00:00  0.1821972599552848  19.72  16.55  14.11  https://pdf.dfcfw.com/pdf/H3_AP202510281770507517_1.pdf
西南证券  2025-10-28 00:00:00  0.1767869757126379  20.08  17.23  14.5  https://pdf.dfcfw.com/pdf/H3_AP202510281770561645_1.pdf
国金证券  2025-10-26 00:00:00  0.15308190974167157  20.17  17.36  15.17  https://pdf.dfcfw.com/pdf/H3_AP202510251768824038_1.pdf",sz.002223,鱼跃医疗,医疗器械
0.0852229875434632,"海通国际  2025-11-12 00:00:00  0.09307145000004224  11.96  10.98  10.01  https://pdf.dfcfw.com/pdf/H3_AP202511121779734646_1.pdf
太平洋  2025-11-04 00:00:00  0.08171045484717276  10.8  10.01  9.23  https://pdf.dfcfw.com/pdf/H3_AP202511041774981327_1.pdf
开源证券  2025-10-31 00:00:00  0.08088705778317484  11.8  10.5  10.1  https://pdf.dfcfw.com/pdf/H3_AP202510311772570626_1.pdf",sz.002244,滨江集团,房地产开发
,,sz.002261,拓维信息,软件开发
0.2003307780475631,国金证券  2025-09-26 00:00:00  0.20033077804756316  21.05  18.01  14.61  https://pdf.dfcfw.com/pdf/H3_AP202509261750746796_1.pdf,sz.002262,恩华药业,化学制药
0.0105360739760984,太平洋  2025-06-05 00:00:00  0.010536073976098459  79.06  78.44  77.42  https://pdf.dfcfw.com/pdf/H3_AP202506051685101820_1.pdf,sz.002265,建设工业,汽车零部件
0.0700830436032775,华金证券  2026-02-12 00:00:00  0.07008304360327755  22.1  21.1  19.3  https://pdf.dfcfw.com/pdf/H3_AP202602121819891811_1.pdf,sz.002266,浙富控股,环境治理
0.4705260780318817,"华源证券  2025-10-30 00:00:00  0.3392646220729858  27.03  18.91  15.07  https://pdf.dfcfw.com/pdf/H3_AP202510301772069616_1.pdf
中邮证券  2025-10-30 00:00:00  0.6581000496495641  29.28  18.5  10.65  https://pdf.dfcfw.com/pdf/H3_AP202510301771879620_1.pdf
国信证券  2025-10-29 00:00:00  0.41421356237309515  29.4  19.6  14.7  https://pdf.dfcfw.com/pdf/H3_AP202510291771339829_1.pdf",sz.002271,东方雨虹,装修建材
0.2059789490105593,"国信证券  2025-11-03 00:00:00  0.20232934544669567  27.9  23.2  19.3  https://pdf.dfcfw.com/pdf/H3_AP202511031774262090_1.pdf
国元证券  2025-10-29 00:00:00  0.20962855257442303  28.43  23.18  19.43  https://pdf.dfcfw.com/pdf/H3_AP202510291771164852_1.pdf",sz.002273,水晶光电,光学光电子
0.3200283771146588,国信证券  2025-12-29 00:00:00  0.3200283771146588  52.1  36.7  29.9  https://pdf.dfcfw.com/pdf/H3_AP202512291810626232_1.pdf,sz.002281,光迅科技,通信设备
0.1865896304641365,"华源证券  2025-11-02 00:00:00  0.17061690649525185  96.02  82.19  70.07  https://pdf.dfcfw.com/pdf/H3_AP202511021773946050_1.pdf
华安证券  2025-10-29 00:00:00  0.20256235443302129  93.87  76.9  64.91  https://pdf.dfcfw.com/pdf/H3_AP202510291771422886_1.pdf",sz.002294,信立泰,化学制药
0.0665250844912214,"国信证券  2025-10-26 00:00:00  0.0346122632229271  15.2  17.3  14.2  https://pdf.dfcfw.com/pdf/H3_AP202510261769413281_1.pdf
开源证券  2025-10-23 00:00:00  0.14588109254881654  15.1  12.8  11.5  https://pdf.dfcfw.com/pdf/H3_AP202510231767485829_1.pdf
华安证券  2025-10-22 00:00:00  0.03216934812965189  14.83  15.35  13.92  https://pdf.dfcfw.com/pdf/H3_AP202510221766938135_1.pdf
华安证券  2025-09-29 00:00:00  0.053437634063490114  16.08  13.94  14.49  https://pdf.dfcfw.com/pdf/H3_AP202509291752698474_1.pdf",sz.002299,圣农发展,养殖业
0.2030756137586999,华安证券  2025-09-01 00:00:00  0.20307561375869998  33.84  27.26  23.38  https://pdf.dfcfw.com/pdf/H3_AP202509011737566450_1.pdf,sz.002312,川发龙蟒,农化制品
0.1254052447809832,中邮证券  2025-09-30 00:00:00  0.12540524478098325  13.02  11.51  10.28  https://pdf.dfcfw.com/pdf/H3_AP202509301753316345_1.pdf,sz.002318,久立特材,特钢Ⅱ
0.6762130860037783,东吴证券  2025-11-01 00:00:00  0.6762130860037783  56.25  30.71  20.02  https://pdf.dfcfw.com/pdf/H3_AP202511011772815914_1.pdf,sz.002335,科华数据,其他电源设备Ⅱ
0.4565124686828368,华鑫证券  2026-01-26 00:00:00  0.4565124686828368  29.7  21.3  14.0  https://pdf.dfcfw.com/pdf/H3_AP202601261818411999_1.pdf,sz.002340,格林美,电池
0.1850698368974473,"东海证券  2026-02-04 00:00:00  0.18570825207577535  30.48  25.53  21.68  https://pdf.dfcfw.com/pdf/H3_AP202602041819763597_1.pdf
东海证券  2026-01-15 00:00:00  0.18596301142270444  27.23  22.8  19.36  https://pdf.dfcfw.com/pdf/H3_AP202601151817050436_1.pdf
东海证券  2025-12-26 00:00:00  0.18591074067036084  22.91  19.19  16.29  https://pdf.dfcfw.com/pdf/H3_AP202512261808568043_1.pdf
华鑫证券  2025-12-21 00:00:00  0.18269734342094868  22.8  19.0  16.3  https://pdf.dfcfw.com/pdf/H3_AP202512211805155721_1.pdf",sz.002353,杰瑞股份,专用设备
0.1193702152098124,"华源证券  2025-10-30 00:00:00  0.03300682943352373  19.56  19.49  18.33  https://pdf.dfcfw.com/pdf/H3_AP202510301771886927_1.pdf
中邮证券  2025-10-29 00:00:00  0.19500806710365115  19.35  16.68  13.55  https://pdf.dfcfw.com/pdf/H3_AP202510291771164839_1.pdf
东兴证券  2025-10-28 00:00:00  0.1300957490922625  19.31  17.01  15.12  https://pdf.dfcfw.com/pdf/H3_AP202510281770710565_1.pdf",sz.002372,伟星新材,装修建材
0.493802239361212,"国信证券  2025-11-03 00:00:00  0.2583815110927028  69.2  60.7  43.7  https://pdf.dfcfw.com/pdf/H3_AP202511031774257407_1.pdf
华安证券  2025-10-28 00:00:00  0.7292229676297213  54.99  23.52  18.39  https://pdf.dfcfw.com/pdf/H3_AP202510281770662463_1.pdf",sz.002385,大北农,饲料
,,sz.002402,和而泰,家电零部件Ⅱ
0.1962382352579095,太平洋  2025-11-11 00:00:00  0.1962382352579095  30.48  25.19  21.3  https://pdf.dfcfw.com/pdf/H3_AP202511111779285632_1.pdf,sz.002409,雅克科技,半导体
0.3295116957176374,"山西证券  2025-10-28 00:00:00  0.29625310369678104  49.4  37.9  29.4  https://pdf.dfcfw.com/pdf/H3_AP202510281770719232_1.pdf
民生证券  2025-10-26 00:00:00  0.36277028773849374  52.0  35.0  28.0  https://pdf.dfcfw.com/pdf/H3_AP202510261769571280_1.pdf",sz.002410,广联达,软件开发
0.2797553555638143,"太平洋  2025-11-06 00:00:00  0.15478960471733605  86.44  73.53  64.82  https://pdf.dfcfw.com/pdf/H3_AP202511061776386974_1.pdf
国金证券  2025-10-28 00:00:00  0.28704956421537053  62.98  47.38  38.02  https://pdf.dfcfw.com/pdf/H3_AP202510281770530666_1.pdf
中邮证券  2025-09-30 00:00:00  0.3649593961062805  76.22  59.68  40.91  https://pdf.dfcfw.com/pdf/H3_AP202509301753272973_1.pdf
中航证券  2025-09-11 00:00:00  0.20041694964696144  101.36  83.1  70.34  https://pdf.dfcfw.com/pdf/H3_AP202509111741758211_1.pdf
太平洋  2025-09-04 00:00:00  0.34400395210391843  88.8  62.44  49.16  https://pdf.dfcfw.com/pdf/H3_AP202509041738727400_1.pdf
国金证券  2025-08-26 00:00:00  0.3273126665930193  80.53  62.13  45.71  https://pdf.dfcfw.com/pdf/H3_AP202508261734563286_1.pdf",sz.002414,高德红外,军工电子Ⅱ
0.1120297520711959,太平洋  2025-10-17 00:00:00  0.11202975207119592  18.24  16.58  14.75  https://pdf.dfcfw.com/pdf/H3_AP202510171763839334_1.pdf,sz.002423,中粮资本,多元金融
0.2791383410685677,中邮证券  2026-02-27 00:00:00  0.2791383410685677  35.26  28.16  21.55  https://pdf.dfcfw.com/pdf/H3_AP202602271820085552_1.pdf,sz.002429,兆驰股份,黑色家电
0.1326774471829626,东吴证券  2025-12-05 00:00:00  0.1326774471829626  23.94  21.4  18.66  https://pdf.dfcfw.com/pdf/H3_AP202512051794330761_1.pdf,sz.002430,杭氧股份,化学制品
0.0726404900141723,东吴证券  2025-05-06 00:00:00  0.07264049001417239  12.38  10.89  10.76  https://pdf.dfcfw.com/pdf/H3_AP202505061668434843_1.pdf,sz.002432,九安医疗,医疗器械
1.2705737397917756,东兴证券  2026-02-09 00:00:00  1.2705737397917756  272.52  83.16  52.86  https://pdf.dfcfw.com/pdf/H3_AP202602091819838139_1.pdf,sz.002436,兴森科技,元件
0.5121500736081331,"东吴证券  2025-05-06 00:00:00  0.4900697412127806  96.65  64.45  43.53  https://pdf.dfcfw.com/pdf/H3_AP202505061668270237_1.pdf
国信证券  2025-04-21 00:00:00  0.7987709479188625  134.6  63.3  41.6  https://pdf.dfcfw.com/pdf/H3_AP202504211659817195_1.pdf
国元证券  2025-04-21 00:00:00  0.5398027037293491  108.71  67.11  45.85  https://pdf.dfcfw.com/pdf/H3_AP202504211659865775_1.pdf
山西证券  2025-04-17 00:00:00  0.2686601912012476  61.0  47.2  37.9  https://pdf.dfcfw.com/pdf/H3_AP202504171657983594_1.pdf
信达证券  2025-04-17 00:00:00  0.5062988316442278  106.64  64.33  47.0  https://pdf.dfcfw.com/pdf/H3_AP202504171657894596_1.pdf
开源证券  2025-04-16 00:00:00  0.46929802594233117  96.5  59.1  44.7  https://pdf.dfcfw.com/pdf/H3_AP202504161657228549_1.pdf",sz.002439,启明星辰,软件开发
0.1884871253599139,"东海证券  2026-01-09 00:00:00  0.17891072964604748  16.4  13.9  11.8  https://pdf.dfcfw.com/pdf/H3_AP202601091816875088_1.pdf
东吴证券  2026-01-06 00:00:00  0.19806352107378045  16.32  13.57  11.37  https://pdf.dfcfw.com/pdf/H3_AP202601051815603955_1.pdf",sz.002444,巨星科技,通用设备
0.1050776325411019,"西南证券  2025-10-27 00:00:00  0.13309985585687611  22.43  19.6  17.47  https://pdf.dfcfw.com/pdf/H3_AP202510271770126706_1.pdf
万联证券  2025-10-27 00:00:00  0.08004291262460828  22.35  20.84  19.16  https://pdf.dfcfw.com/pdf/H3_AP202510271770050879_1.pdf
信达证券  2025-10-27 00:00:00  0.09661234508574457  22.56  19.76  18.76  https://pdf.dfcfw.com/pdf/H3_AP202510271770003781_1.pdf
国信证券  2025-10-26 00:00:00  0.11055541659717871  22.2  19.5  18.0  https://pdf.dfcfw.com/pdf/H3_AP202510261769459934_1.pdf",sz.002461,珠江啤酒,非白酒
0.753132339809296,东吴证券  2025-08-12 00:00:00  0.753132339809296  104.16  61.37  33.89  https://pdf.dfcfw.com/pdf/H3_AP202508121726064331_1.pdf,sz.002465,海格通信,军工电子Ⅱ
0.195967422860327,"国信证券  2025-11-11 00:00:00  0.19229552857124332  29.0  24.3  20.4  https://pdf.dfcfw.com/pdf/H3_AP202511111779285599_1.pdf
东吴证券  2025-10-30 00:00:00  0.21239078338981465  29.78  24.54  20.26  https://pdf.dfcfw.com/pdf/H3_AP202510301771554917_1.pdf
民生证券  2025-10-29 00:00:00  0.18321595661992318  28.0  24.0  20.0  https://pdf.dfcfw.com/pdf/H3_AP202510291771281037_1.pdf",sz.002472,双环传动,汽车零部件
,,sz.002500,山西证券,证券Ⅱ
0.0818257730127223,海通国际  2025-08-29 00:00:00  0.08182577301272231  11.13  10.4  9.51  https://pdf.dfcfw.com/pdf/H3_AP202508291736296697_1.pdf,sz.002508,老板电器,厨卫电器
0.1747837924760145,华鑫证券  2026-01-05 00:00:00  0.1747837924760145  23.6  19.7  17.1  https://pdf.dfcfw.com/pdf/H3_AP202601031814058006_1.pdf,sz.002517,恺英网络,游戏Ⅱ
0.1890554777628795,"中邮证券  2025-11-12 00:00:00  0.2229331176313596  13.49  10.42  9.02  https://pdf.dfcfw.com/pdf/H3_AP202511121779846983_1.pdf
华安证券  2025-10-30 00:00:00  0.17094059247336335  13.19  11.4  9.62  https://pdf.dfcfw.com/pdf/H3_AP202510301771734309_1.pdf
开源证券  2025-10-29 00:00:00  0.20077494357447323  12.4  10.2  8.6  https://pdf.dfcfw.com/pdf/H3_AP202510291771070442_1.pdf
民生证券  2025-10-26 00:00:00  0.14017542509913805  13.0  11.0  10.0  https://pdf.dfcfw.com/pdf/H3_AP202510261769470226_1.pdf
国金证券  2025-10-25 00:00:00  0.2104533100360635  12.63  9.83  8.62  https://pdf.dfcfw.com/pdf/H3_AP202510251768824034_1.pdf",sz.002532,天山铝业,工业金属
0.455354099714415,国信证券  2026-01-25 00:00:00  0.455354099714415  30.5  16.2  14.4  https://pdf.dfcfw.com/pdf/H3_AP202601251818402960_1.pdf,sz.002558,巨人网络,游戏Ⅱ
0.170176871915426,"华安证券  2025-11-04 00:00:00  0.1749990797316574  35.91  30.66  26.01  https://pdf.dfcfw.com/pdf/H3_AP202511041775023840_1.pdf
国信证券  2025-11-01 00:00:00  0.11725187323707287  35.7  31.8  28.6  https://pdf.dfcfw.com/pdf/H3_AP202511011772998725_1.pdf
开源证券  2025-10-30 00:00:00  0.16774841624228443  36.0  30.8  26.4  https://pdf.dfcfw.com/pdf/H3_AP202510301771744666_1.pdf
华源证券  2025-10-28 00:00:00  0.19152449207584477  39.0  33.01  27.47  https://pdf.dfcfw.com/pdf/H3_AP202510281770656089_1.pdf
东吴证券  2025-10-28 00:00:00  0.185722165152006  39.31  32.59  27.96  https://pdf.dfcfw.com/pdf/H3_AP202510281770502124_1.pdf
国金证券  2025-10-28 00:00:00  0.18381520505369098  39.52  32.84  28.2  https://pdf.dfcfw.com/pdf/H3_AP202510281770485367_1.pdf",sz.002568,百润股份,非白酒
,,sz.002583,海能达,通信设备
0.1801200804303921,"华安证券  2025-11-10 00:00:00  0.17689981209186323  22.3  18.8  16.1  https://pdf.dfcfw.com/pdf/H3_AP202511101778526787_1.pdf
国信证券  2025-10-30 00:00:00  0.16095912372336407  21.7  18.5  16.1  https://pdf.dfcfw.com/pdf/H3_AP202510301771696082_1.pdf
东吴证券  2025-10-27 00:00:00  0.20250130547594902  18.48  15.24  12.78  https://pdf.dfcfw.com/pdf/H3_AP202510271770019172_1.pdf",sz.002595,豪迈科技,专用设备
0.1491356841177724,开源证券  2025-08-28 00:00:00  0.14913568411777245  20.6  18.0  15.6  https://pdf.dfcfw.com/pdf/H3_AP202508281736062694_1.pdf,sz.002603,以岭药业,中药Ⅱ
,,sz.002607,中公教育,教育
,,sz.002608,江苏国信,电力
0.6211033625058879,"群益证券  2026-03-02 00:00:00  0.47366399461553055  55.53  30.14  25.57  https://pdf.dfcfw.com/pdf/H3_AP202603021820181339_1.pdf
开源证券  2026-02-08 00:00:00  1.3395906074624073  52.0  13.5  9.5  https://pdf.dfcfw.com/pdf/H3_AP202602081819824583_1.pdf
群益证券  2026-02-02 00:00:00  0.4738114280681427  48.46  26.3  22.31  https://pdf.dfcfw.com/pdf/H3_AP202602021819276791_1.pdf
群益证券  2026-01-06 00:00:00  0.3794556223126  37.43  23.18  19.67  https://pdf.dfcfw.com/pdf/H3_AP202601061815928073_1.pdf
华鑫证券  2026-01-05 00:00:00  0.43899516007075934  41.0  27.6  19.8  https://pdf.dfcfw.com/pdf/H3_AP202601041814481376_1.pdf",sz.002624,完美世界,游戏Ⅱ
,,sz.002670,国盛证券,证券Ⅱ
,,sz.002673,西部证券,证券Ⅱ
0.1919650898895427,"太平洋  2025-11-07 00:00:00  0.14598667435956458  29.26  24.97  22.28  https://pdf.dfcfw.com/pdf/H3_AP202511071776837410_1.pdf
西南证券  2025-11-07 00:00:00  0.24233578853208937  29.34  23.32  19.01  https://pdf.dfcfw.com/pdf/H3_AP202511071776672844_1.pdf
环球富盛理财  2025-10-24 00:00:00  0.1875728067769744  24.85  20.82  17.62  https://pdf.dfcfw.com/pdf/H3_AP202510241767984159_1.pdf",sz.002683,广东宏大,化学制品
1.332761484570197,"联储证券  2025-11-27 00:00:00  1.5553383737576607  100.95  25.71  15.46  https://pdf.dfcfw.com/pdf/H3_AP202511271789526656_1.pdf
太平洋  2025-11-09 00:00:00  1.023526672464378  101.22  57.27  24.72  https://pdf.dfcfw.com/pdf/H3_AP202511091778040573_1.pdf
东兴证券  2025-11-02 00:00:00  1.0434336368738126  72.28  27.75  17.31  https://pdf.dfcfw.com/pdf/H3_AP202511021773633075_1.pdf
民生证券  2025-10-30 00:00:00  1.7797972457128464  85.0  32.0  11.0  https://pdf.dfcfw.com/pdf/H3_AP202510301771883960_1.pdf
东吴证券  2025-10-28 00:00:00  1.2617114940422876  86.04  27.43  16.82  https://pdf.dfcfw.com/pdf/H3_AP202510281770672611_1.pdf",sz.002738,中矿资源,能源金属
0.2492035679344368,华鑫证券  2026-01-05 00:00:00  0.24920356793443688  24.5  18.9  15.7  https://pdf.dfcfw.com/pdf/H3_AP202601031814057967_1.pdf,sz.002739,万达电影,影视院线
0.414880067898608,东吴证券  2025-11-02 00:00:00  0.414880067898608  31.85  22.91  15.91  https://pdf.dfcfw.com/pdf/H3_AP202511021773676093_1.pdf,sz.002756,永兴材料,能源金属
0.0679400113155208,信达证券  2026-01-20 00:00:00  0.06794001131552085  24.84  23.31  21.78  https://pdf.dfcfw.com/pdf/H3_AP202601201818132881_1.pdf,sz.002773,康弘药业,生物制品
0.0955990453300705,东吴证券  2025-08-28 00:00:00  0.09559904533007058  35.59  32.96  29.65  https://pdf.dfcfw.com/pdf/H3_AP202508281735932198_1.pdf,sz.002797,第一创业,证券Ⅱ
0.1388903062661974,开源证券  2026-01-29 00:00:00  0.13889030626619747  31.0  27.8  23.9  https://pdf.dfcfw.com/pdf/H3_AP202601291818537917_1.pdf,sz.002821,凯莱英,医疗服务
0.1414065148358756,"国金证券  2026-02-26 00:00:00  0.13675737405112898  17.6  16.2  13.62  https://pdf.dfcfw.com/pdf/H3_AP202602261820070097_1.pdf
信达证券  2026-02-11 00:00:00  0.14605565562062228  18.27  15.89  13.91  https://pdf.dfcfw.com/pdf/H3_AP202602111819885280_1.pdf",sz.002831,裕同科技,包装印刷
0.4762505358891471,"群益证券  2025-12-30 00:00:00  0.49509000319280405  38.0  23.0  17.0  https://pdf.dfcfw.com/pdf/H3_AP202512301811188651_1.pdf
太平洋  2025-12-29 00:00:00  0.4549481223964007  151.42  97.4  71.53  https://pdf.dfcfw.com/pdf/H3_AP202512291810775501_1.pdf
东吴证券  2025-12-17 00:00:00  0.4787134820782366  123.63  80.12  56.54  https://pdf.dfcfw.com/pdf/H3_AP202512161801882961_1.pdf",sz.002837,英维克,专用设备
0.2611022371198727,"民生证券  2025-10-24 00:00:00  0.2692955176439846  29.0  22.0  18.0  https://pdf.dfcfw.com/pdf/H3_AP202510241768147457_1.pdf
中邮证券  2025-10-22 00:00:00  0.25290895659576074  27.22  21.44  17.34  https://pdf.dfcfw.com/pdf/H3_AP202510221766948479_1.pdf",sz.002841,视源股份,消费电子
0.222294851341462,"中银证券  2025-11-07 00:00:00  0.25693343372063016  26.7  20.5  16.9  https://pdf.dfcfw.com/pdf/H3_AP202511071776646228_1.pdf
民生证券  2025-11-05 00:00:00  0.23669388480168463  26.0  21.0  17.0  https://pdf.dfcfw.com/pdf/H3_AP202511051775495377_1.pdf
东兴证券  2025-10-31 00:00:00  0.20465237105662482  27.5  22.64  18.95  https://pdf.dfcfw.com/pdf/H3_AP202510311772335690_1.pdf
华安证券  2025-10-30 00:00:00  0.23717914826348374  28.5  22.17  18.62  https://pdf.dfcfw.com/pdf/H3_AP202510301771866479_1.pdf
国金证券  2025-10-30 00:00:00  0.1361419955719514  28.54  25.12  22.11  https://pdf.dfcfw.com/pdf/H3_AP202510301771859059_1.pdf
东吴证券  2025-10-30 00:00:00  0.2621682746343974  28.5  22.0  17.89  https://pdf.dfcfw.com/pdf/H3_AP202510301771538708_1.pdf",sz.002850,科达利,电池
2.5455486443238784,中邮证券  2026-03-06 00:00:00  2.5455486443238784  524.71  69.96  41.74  https://pdf.dfcfw.com/pdf/H3_AP202603061820334891_1.pdf,sz.002851,麦格米特,其他电源设备Ⅱ
,,sz.002926,华西证券,证券Ⅱ
0.0407113146914706,山西证券  2025-08-27 00:00:00  0.0407113146914706  21.38  20.31  19.74  https://pdf.dfcfw.com/pdf/H3_AP202508271735426676_1.pdf,sz.002939,长城证券,证券Ⅱ
,,sz.002945,华林证券,证券Ⅱ
,,sz.002958,青农商行,银行Ⅱ
0.024994330087553,"开源证券  2025-11-02 00:00:00  0.005522724440919058  6.39  6.12  6.32  https://pdf.dfcfw.com/pdf/H3_AP202511021773875534_1.pdf
东吴证券  2025-11-02 00:00:00  0.044465935734187  7.08  7.25  6.49  https://pdf.dfcfw.com/pdf/H3_AP202511021773352918_1.pdf",sz.002966,苏州银行,银行Ⅱ
0.1919653254563209,"国金证券  2025-10-31 00:00:00  0.24878431059772543  15.08  11.05  9.67  https://pdf.dfcfw.com/pdf/H3_AP202510311772394140_1.pdf
环球富盛理财  2025-10-22 00:00:00  0.13514634031491646  10.36  8.52  8.04  https://pdf.dfcfw.com/pdf/H3_AP202510221766976527_1.pdf",sz.002984,森麒麟,汽车零部件
0.3821561007579579,国金证券  2026-01-15 00:00:00  0.3821561007579579  111.24  82.25  58.23  https://pdf.dfcfw.com/pdf/H3_AP202601151817032172_1.pdf,sz.003021,兆威机电,电机Ⅱ
0.4797481333834648,"华金证券  2025-11-05 00:00:00  0.4390989949130546  70.0  42.8  33.8  https://pdf.dfcfw.com/pdf/H3_AP202511051775588830_1.pdf
国金证券  2025-10-15 00:00:00  0.520397271853875  85.83  47.79  37.13  https://pdf.dfcfw.com/pdf/H3_AP202510151762383347_1.pdf",sz.003022,联泓新科,光伏设备
0.1726039399558574,民生证券  2025-04-28 00:00:00  0.17260393995585743  33.0  29.0  24.0  https://pdf.dfcfw.com/pdf/H3_AP202504281663858822_1.pdf,sz.003031,中瓷电子,通信设备
0.2097369295819576,"中航证券  2025-11-24 00:00:00  0.2299984123265033  41.06  33.33  27.14  https://pdf.dfcfw.com/pdf/H3_AP202511231786994854_1.pdf
东吴证券  2025-10-28 00:00:00  0.18947544683741202  39.63  33.96  28.01  https://pdf.dfcfw.com/pdf/H3_AP202510281770712609_1.pdf",sz.003035,南网能源,电力
0.2826017301167452,"华安证券  2025-11-11 00:00:00  0.3245675133962749  26.44  20.83  15.07  https://pdf.dfcfw.com/pdf/H3_AP202511111779142977_1.pdf
中银证券  2025-11-06 00:00:00  0.24403337882029819  26.0  20.2  16.8  https://pdf.dfcfw.com/pdf/H3_AP202511061776069772_1.pdf
开源证券  2025-10-31 00:00:00  0.27920429813366265  25.2  19.5  15.4  https://pdf.dfcfw.com/pdf/H3_AP202510311772420294_1.pdf",sz.300001,特锐德,电网设备
0.2477749845153649,"华源证券  2025-11-05 00:00:00  0.2340083357368834  21.06  16.73  13.83  https://pdf.dfcfw.com/pdf/H3_AP202511051775806015_1.pdf
太平洋  2025-10-31 00:00:00  0.17260393995585743  22.0  18.0  16.0  https://pdf.dfcfw.com/pdf/H3_AP202510311772657589_1.pdf
开源证券  2025-10-30 00:00:00  0.5045717874984443  20.6  13.8  9.1  https://pdf.dfcfw.com/pdf/H3_AP202510301771918837_1.pdf
华安证券  2025-10-30 00:00:00  0.1315864106987361  22.05  18.34  17.22  https://pdf.dfcfw.com/pdf/H3_AP202510301771866466_1.pdf
东吴证券  2025-10-30 00:00:00  0.19610444868690347  23.42  17.8  16.37  https://pdf.dfcfw.com/pdf/H3_AP202510301771569838_1.pdf",sz.300002,神州泰岳,游戏Ⅱ
0.2086508635132167,国金证券  2026-01-07 00:00:00  0.2086508635132167  27.23  22.21  18.64  https://pdf.dfcfw.com/pdf/H3_AP202601071816618105_1.pdf,sz.300003,乐普医疗,医疗器械
0.127912122483864,"东吴证券  2026-01-22 00:00:00  0.12501948844984678  27.06  23.88  21.38  https://pdf.dfcfw.com/pdf/H3_AP202601221818267010_1.pdf
中邮证券  2026-01-21 00:00:00  0.13080475651788137  27.16  23.87  21.24  https://pdf.dfcfw.com/pdf/H3_AP202601211818208008_1.pdf",sz.300012,华测检测,专业服务
0.0977711307961034,"民生证券  2025-04-25 00:00:00  0.09544511501033215  36.0  33.0  30.0  https://pdf.dfcfw.com/pdf/H3_AP202504251662162958_1.pdf
中邮证券  2025-04-18 00:00:00  0.09927984137287549  36.47  32.71  30.18  https://pdf.dfcfw.com/pdf/H3_AP202504181658433932_1.pdf
民生证券  2025-04-16 00:00:00  0.09858843600510281  35.0  32.0  29.0  https://pdf.dfcfw.com/pdf/H3_AP202504161657264595_1.pdf",sz.300017,网宿科技,IT服务Ⅱ
,,sz.300024,机器人,自动化设备
0.6212432321624549,"华源证券  2026-03-06 00:00:00  0.593319949033009  37.75  18.36  14.87  https://pdf.dfcfw.com/pdf/H3_AP202603061820333190_1.pdf
东吴证券  2026-02-11 00:00:00  0.6491665152919008  34.84  15.96  12.81  https://pdf.dfcfw.com/pdf/H3_AP202602111819873483_1.pdf",sz.300037,新宙邦,电池
0.3256457668903179,中邮证券  2026-02-03 00:00:00  0.3256457668903179  55.69  42.17  31.69  https://pdf.dfcfw.com/pdf/H3_AP202602031819632584_1.pdf,sz.300054,鼎龙股份,电子化学品Ⅱ
0.0612802596268735,华金证券  2025-08-31 00:00:00  0.06128025962687356  21.4  20.4  19.0  https://pdf.dfcfw.com/pdf/H3_AP202508311737244477_1.pdf,sz.300058,蓝色光标,广告营销
,,sz.300070,碧水源,环境治理
0.2639255294405523,"华安证券  2025-11-21 00:00:00  0.30155989268075767  40.2  28.68  23.73  https://pdf.dfcfw.com/pdf/H3_AP202511211785524474_1.pdf
中银证券  2025-10-31 00:00:00  0.23564310386380694  48.4  39.6  31.7  https://pdf.dfcfw.com/pdf/H3_AP202510311772414436_1.pdf
上海证券  2025-10-31 00:00:00  0.1905717592395031  56.5  45.14  39.86  https://pdf.dfcfw.com/pdf/H3_AP202510311772440307_1.pdf
国信证券  2025-10-29 00:00:00  0.30259391313143946  47.0  34.6  27.7  https://pdf.dfcfw.com/pdf/H3_AP202510291771122729_1.pdf
东吴证券  2025-10-27 00:00:00  0.30450563722389146  46.1  35.26  27.09  https://pdf.dfcfw.com/pdf/H3_AP202510271769911799_1.pdf
上海证券  2025-10-23 00:00:00  0.19436854447369334  50.57  40.12  35.45  https://pdf.dfcfw.com/pdf/H3_AP202510231767377646_1.pdf
东吴证券  2025-09-26 00:00:00  0.30470110689687413  43.22  33.05  25.39  https://pdf.dfcfw.com/pdf/H3_AP202509261750786535_1.pdf
东吴证券  2025-08-27 00:00:00  0.2774602780144524  34.27  28.49  21.0  https://pdf.dfcfw.com/pdf/H3_AP202508271735350917_1.pdf",sz.300073,当升科技,电池
0.18597869059501,华鑫证券  2025-11-25 00:00:00  0.18597869059501004  38.68  31.93  27.5  https://pdf.dfcfw.com/pdf/H3_AP202511251787864062_1.pdf,sz.300100,双林股份,汽车零部件
0.4207621114813602,华源证券  2026-03-09 00:00:00  0.4207621114813602  80.46  53.11  39.86  https://pdf.dfcfw.com/pdf/H3_AP202603091820423473_1.pdf,sz.300115,长盈精密,消费电子
0.2590471041688895,中邮证券  2025-12-24 00:00:00  0.25904710416888954  48.84  39.23  30.81  https://pdf.dfcfw.com/pdf/H3_AP202512241807197219_1.pdf,sz.300136,信维通信,消费电子
,,sz.300140,节能环境,环境治理
,,sz.300142,沃森生物,生物制品
0.1090840167514022,"万联证券  2025-10-31 00:00:00  0.09426505960477183  23.17  21.44  19.35  https://pdf.dfcfw.com/pdf/H3_AP202510311772585033_1.pdf
国信证券  2025-10-28 00:00:00  0.12390297389803262  24.0  21.2  19.0  https://pdf.dfcfw.com/pdf/H3_AP202510281770640937_1.pdf",sz.300144,宋城演艺,旅游及景区
0.1341891273177597,华鑫证券  2025-08-12 00:00:00  0.13418912731775978  27.4  24.4  21.3  https://pdf.dfcfw.com/pdf/H3_AP202508111725687715_1.pdf,sz.300146,汤臣倍健,食品加工
0.7094718985882467,东吴证券  2026-02-09 00:00:00  0.7094718985882467  31.59  14.72  10.81  https://pdf.dfcfw.com/pdf/H3_AP202602091819830756_1.pdf,sz.300207,欣旺达,电池
0.5049299634349518,中邮证券  2025-12-25 00:00:00  0.5049299634349518  135.3  78.54  59.74  https://pdf.dfcfw.com/pdf/H3_AP202512251807948565_1.pdf,sz.300223,北京君正,半导体
0.2096682884527617,"华安证券  2025-11-05 00:00:00  0.2053826195717554  28.1  24.55  19.34  https://pdf.dfcfw.com/pdf/H3_AP202511051775434155_1.pdf
国金证券  2025-10-28 00:00:00  0.2139539573337681  31.92  25.65  21.66  https://pdf.dfcfw.com/pdf/H3_AP202510281770444727_1.pdf",sz.300285,国瓷材料,电子化学品Ⅱ
0.1913300549655896,海通国际  2025-09-14 00:00:00  0.19133005496558964  261.5  222.29  184.25  https://pdf.dfcfw.com/pdf/H3_AP202509141743519667_1.pdf,sz.300339,润和软件,IT服务Ⅱ
,,sz.300346,南大光电,电子化学品Ⅱ
0.1906802542725691,"中邮证券  2025-10-30 00:00:00  0.19215859859853435  31.58  26.35  22.22  https://pdf.dfcfw.com/pdf/H3_AP202510301771998855_1.pdf
东海证券  2025-10-22 00:00:00  0.2280088853165121  31.08  25.41  20.61  https://pdf.dfcfw.com/pdf/H3_AP202510221766811056_1.pdf
华金证券  2025-10-12 00:00:00  0.18358019118499835  32.5  27.2  23.2  https://pdf.dfcfw.com/pdf/H3_AP202510121760771361_1.pdf
浦银国际证券  2025-09-17 00:00:00  0.22728320545424285  36.3  28.6  24.1  https://pdf.dfcfw.com/pdf/H3_AP202509171745406323_1.pdf
国信证券  2025-09-15 00:00:00  0.17062819476141544  29.6  25.4  21.6  https://pdf.dfcfw.com/pdf/H3_AP202509151744177610_1.pdf
太平洋  2025-09-14 00:00:00  0.2386709735273136  28.4  22.88  18.51  https://pdf.dfcfw.com/pdf/H3_AP202509141743611671_1.pdf
国信证券  2025-09-09 00:00:00  0.16890403098944207  27.6  23.7  20.2  https://pdf.dfcfw.com/pdf/H3_AP202509091740773773_1.pdf
东海证券  2025-08-22 00:00:00  0.21079739017100585  26.11  20.99  17.81  https://pdf.dfcfw.com/pdf/H3_AP202508221732190300_1.pdf
华源证券  2025-07-28 00:00:00  0.18891551316405297  23.21  19.31  16.42  https://pdf.dfcfw.com/pdf/H3_AP202507281717106793_1.pdf
中邮证券  2025-06-12 00:00:00  0.20080707210583015  21.73  18.09  15.07  https://pdf.dfcfw.com/pdf/H3_AP202506121689448296_1.pdf
华源证券  2025-05-29 00:00:00  0.19369838104766846  21.16  17.44  14.85  https://pdf.dfcfw.com/pdf/H3_AP202505291681143313_1.pdf
西南证券  2025-05-18 00:00:00  0.19026148724839276  21.18  17.62  14.95  https://pdf.dfcfw.com/pdf/H3_AP202505181674832045_1.pdf
国信证券  2025-04-30 00:00:00  0.16876561888833153  20.9  18.2  15.3  https://pdf.dfcfw.com/pdf/H3_AP202504301664912204_1.pdf
中邮证券  2025-04-12 00:00:00  0.18696761888430768  19.33  16.06  13.72  https://pdf.dfcfw.com/pdf/H3_AP202504121655420845_1.pdf
东海证券  2025-04-07 00:00:00  0.1883130530663677  20.56  17.09  14.56  https://pdf.dfcfw.com/pdf/H3_AP202504071652804759_1.pdf
开源证券  2025-04-01 00:00:00  0.1584926685818493  20.4  17.9  15.2  https://pdf.dfcfw.com/pdf/H3_AP202504011649893947_1.pdf
国金证券  2025-03-31 00:00",sz.300373,扬杰科技,半导体
0.6648617678000635,开源证券  2025-10-23 00:00:00  0.6648617678000635  117.8  53.8  42.5  https://pdf.dfcfw.com/pdf/H3_AP202510231767414102_1.pdf,sz.300383,光环新网,通信服务
,,sz.300390,天华新能,电池
0.7146568057867133,群益证券  2026-02-12 00:00:00  0.7146568057867133  122.6  62.4  41.7  https://pdf.dfcfw.com/pdf/H3_AP202602121819894480_1.pdf,sz.300395,菲利华,航空装备Ⅱ
0.9718788327055612,"东吴证券  2026-01-14 00:00:00  1.2547366832523488  58.82  15.76  11.57  https://pdf.dfcfw.com/pdf/H3_AP202601141817016470_1.pdf
华鑫证券  2026-01-07 00:00:00  0.6890209821587738  56.2  30.5  19.7  https://pdf.dfcfw.com/pdf/H3_AP202601071816685402_1.pdf",sz.300432,富临精工,电池
0.2805092214394202,东吴证券  2026-01-27 00:00:00  0.28050922143942025  59.8  42.49  36.47  https://pdf.dfcfw.com/pdf/H3_AP202601271818439304_1.pdf,sz.300450,先导智能,电池
0.3623342027607664,"太平洋  2025-11-09 00:00:00  0.41673273776809117  140.72  97.59  70.11  https://pdf.dfcfw.com/pdf/H3_AP202511091777932149_1.pdf
民生证券  2025-11-02 00:00:00  0.29221179407816766  177.0  131.0  106.0  https://pdf.dfcfw.com/pdf/H3_AP202511021773899797_1.pdf
山西证券  2025-10-30 00:00:00  0.4097531444428273  93.09  61.02  46.84  https://pdf.dfcfw.com/pdf/H3_AP202510301771879645_1.pdf
国信证券  2025-10-29 00:00:00  0.4565690136085596  101.2  63.0  47.7  https://pdf.dfcfw.com/pdf/H3_AP202510291771122735_1.pdf
开源证券  2025-10-28 00:00:00  0.23640432390618615  87.9  70.7  57.5  https://pdf.dfcfw.com/pdf/H3_AP202510281770492989_1.pdf",sz.300454,深信服,软件开发
0.526796544088272,太平洋  2026-01-25 00:00:00  0.526796544088272  136.16  76.47  58.41  https://pdf.dfcfw.com/pdf/H3_AP202601251818398281_1.pdf,sz.300458,全志科技,半导体
1.5153905985501344,海通国际  2025-08-07 00:00:00  1.5153905985501344  1263.35  386.07  199.67  https://pdf.dfcfw.com/pdf/H3_AP202508071723199368_1.pdf,sz.300474,景嘉微,军工电子Ⅱ
0.202852822828013,"太平洋  2025-11-04 00:00:00  0.17192660957135697  30.27  25.62  22.04  https://pdf.dfcfw.com/pdf/H3_AP202511041775140172_1.pdf
华安证券  2025-11-03 00:00:00  0.22285531788051438  29.1  23.71  19.46  https://pdf.dfcfw.com/pdf/H3_AP202511031774236130_1.pdf
开源证券  2025-10-26 00:00:00  0.20745348781377282  31.2  26.2  21.4  https://pdf.dfcfw.com/pdf/H3_AP202510261769332235_1.pdf
环球富盛理财  2025-10-26 00:00:00  0.20917587604640797  29.71  24.24  20.32  https://pdf.dfcfw.com/pdf/H3_AP202510251768794250_1.pdf",sz.300487,蓝晓科技,塑料
0.2247927756753924,中邮证券  2025-11-05 00:00:00  0.22479277567539246  63.92  53.04  42.61  https://pdf.dfcfw.com/pdf/H3_AP202511051775448334_1.pdf,sz.300496,中科创达,IT服务Ⅱ
0.2296256205311708,国金证券  2025-10-30 00:00:00  0.22962562053117086  29.03  22.72  19.2  https://pdf.dfcfw.com/pdf/H3_AP202510301771775210_1.pdf,sz.300529,健帆生物,医疗器械
0.2397796132049727,"华安证券  2025-11-02 00:00:00  0.23792052426400057  39.2  31.17  25.58  https://pdf.dfcfw.com/pdf/H3_AP202511021773597216_1.pdf
国金证券  2025-10-28 00:00:00  0.24163870214594496  42.92  34.99  27.84  https://pdf.dfcfw.com/pdf/H3_AP202510281770617255_1.pdf",sz.300558,贝达药业,化学制药
0.5566384382346925,"东吴证券  2025-10-30 00:00:00  0.5963592669799245  101.96  62.82  40.01  https://pdf.dfcfw.com/pdf/H3_AP202510301771569853_1.pdf
国金证券  2025-10-29 00:00:00  0.5169176094894605  81.94  57.19  35.61  https://pdf.dfcfw.com/pdf/H3_AP202510291771070414_1.pdf",sz.300567,精测电子,通用设备
0.6858544608470492,群益证券  2026-01-29 00:00:00  0.6858544608470492  54.0  31.0  19.0  https://pdf.dfcfw.com/pdf/H3_AP202601291818541762_1.pdf,sz.300570,太辰光,通信设备
0.923202540123093,西南证券  2025-11-05 00:00:00  0.923202540123093  143.14  49.85  38.7  https://pdf.dfcfw.com/pdf/H3_AP202511051775502384_1.pdf,sz.300601,康泰生物,生物制品
0.5308469195656955,东吴证券  2026-03-06 00:00:00  0.5308469195656955  65.36  35.66  27.89  https://pdf.dfcfw.com/pdf/H3_AP202603061820345477_1.pdf,sz.300604,长川科技,半导体
0.3923991921155663,中邮证券  2025-10-29 00:00:00  0.3923991921155663  48.45  34.46  24.99  https://pdf.dfcfw.com/pdf/H3_AP202510291771084197_1.pdf,sz.300623,捷捷微电,半导体
0.2477095326117095,群益证券  2026-01-27 00:00:00  0.24770953261170958  45.24  35.58  29.06  https://pdf.dfcfw.com/pdf/H3_AP202601271818455708_1.pdf,sz.300627,华测导航,通信设备
,,sz.300676,华大基因,医疗服务
0.3200712502191621,"国信证券  2026-01-09 00:00:00  0.2716868718359877  20.7  15.1  12.8  https://pdf.dfcfw.com/pdf/H3_AP202601091816870535_1.pdf
华安证券  2025-12-26 00:00:00  0.3684556286023366  24.12  16.01  12.88  https://pdf.dfcfw.com/pdf/H3_AP202512261808651690_1.pdf",sz.300677,英科医疗,医疗器械
0.2974641566738881,"国信证券  2025-11-05 00:00:00  0.23748969819472654  36.6  27.8  23.9  https://pdf.dfcfw.com/pdf/H3_AP202511051775482859_1.pdf
华金证券  2025-10-27 00:00:00  0.35743861515304975  36.3  24.5  19.7  https://pdf.dfcfw.com/pdf/H3_AP202510271770108624_1.pdf",sz.300679,电连技术,消费电子
0.3245997943980141,"中银证券  2025-10-31 00:00:00  0.3493534440542745  38.6  26.3  21.2  https://pdf.dfcfw.com/pdf/H3_AP202510311772327141_1.pdf
东吴证券  2025-10-28 00:00:00  0.29984614474175375  31.68  22.43  18.75  https://pdf.dfcfw.com/pdf/H3_AP202510281770845035_1.pdf",sz.300699,光威复材,航空装备Ⅱ
0.1744110227403168,国元证券  2025-09-01 00:00:00  0.17441102274031683  103.25  88.74  74.86  https://pdf.dfcfw.com/pdf/H3_AP202509011737683457_1.pdf,sz.300718,长盛轴承,通用设备
-0.3980512789692243,"东吴证券  2025-10-29 00:00:00  -0.39005825230282953  10.8  21.71  29.03  https://pdf.dfcfw.com/pdf/H3_AP202510291771013739_1.pdf
国金证券  2025-10-28 00:00:00  -0.4060443056356191  10.52  25.78  29.82  https://pdf.dfcfw.com/pdf/H3_AP202510281770527051_1.pdf",sz.300724,捷佳伟创,光伏设备
,,sz.300735,光弘科技,消费电子
0.3389213980550516,"华安证券  2025-11-06 00:00:00  0.3794901419886745  71.21  44.2  37.42  https://pdf.dfcfw.com/pdf/H3_AP202511061776194237_1.pdf
中航证券  2025-10-27 00:00:00  0.3838937850895918  77.43  56.38  40.43  https://pdf.dfcfw.com/pdf/H3_AP202510271769785478_1.pdf
国信证券  2025-10-26 00:00:00  0.30609431242203033  69.6  53.1  40.8  https://pdf.dfcfw.com/pdf/H3_AP202510261769413289_1.pdf
国金证券  2025-10-22 00:00:00  0.40439287498881415  67.69  47.21  34.32  https://pdf.dfcfw.com/pdf/H3_AP202510221766780274_1.pdf
民生证券  2025-10-21 00:00:00  0.2207358757861475  76.0  63.0  51.0  https://pdf.dfcfw.com/pdf/H3_AP202510211766257789_1.pdf",sz.300748,金力永磁,金属新材料
0.1975978186346279,东吴证券  2026-03-10 00:00:00  0.1975978186346279  94.33  82.11  65.77  https://pdf.dfcfw.com/pdf/H3_AP202603101820443407_1.pdf,sz.300751,迈为股份,光伏设备
,华鑫证券  2026-01-13 00:00:00  nan  -954.8  968.5  481.4  https://pdf.dfcfw.com/pdf/H3_AP202601131816970541_1.pdf,sz.300757,罗博特科,自动化设备
0.2302333242154731,"民生证券  2025-08-18 00:00:00  0.22474487139158894  21.0  17.0  14.0  https://pdf.dfcfw.com/pdf/H3_AP202508181729768320_1.pdf
东吴证券  2025-08-14 00:00:00  0.23572177703935737  22.05  17.66  14.44  https://pdf.dfcfw.com/pdf/H3_AP202508141727561707_1.pdf",sz.300763,锦浪科技,光伏设备
0.4889297380017239,华鑫证券  2026-02-05 00:00:00  0.4889297380017239  60.3  37.5  27.2  https://pdf.dfcfw.com/pdf/H3_AP202602051819786071_1.pdf,sz.300857,协创数据,消费电子
0.1828580843661165,"国信证券  2025-11-10 00:00:00  0.19704605369149641  23.07  19.09  16.1  https://pdf.dfcfw.com/pdf/H3_AP202511101778810280_1.pdf
东吴证券  2025-11-02 00:00:00  0.19600785223538386  23.03  19.44  16.1  https://pdf.dfcfw.com/pdf/H3_AP202511021773788918_1.pdf
国信证券  2025-10-30 00:00:00  0.15552034717146923  23.5  20.3  17.6  https://pdf.dfcfw.com/pdf/H3_AP202510301771739184_1.pdf",sz.300888,稳健医疗,个护用品
0.2598446459390995,"东吴证券  2025-11-02 00:00:00  0.30300913939137875  27.42  21.05  16.15  https://pdf.dfcfw.com/pdf/H3_AP202511021773654295_1.pdf
国信证券  2025-10-30 00:00:00  0.21668015248682027  26.69  21.42  18.03  https://pdf.dfcfw.com/pdf/H3_AP202510301771859076_1.pdf",sz.300919,中伟新材,电池
0.1879124088404392,"华源证券  2025-11-04 00:00:00  0.22532752835670466  42.07  33.89  28.02  https://pdf.dfcfw.com/pdf/H3_AP202511041775167321_1.pdf
开源证券  2025-10-29 00:00:00  0.18826420925058396  40.1  32.9  28.4  https://pdf.dfcfw.com/pdf/H3_AP202510291771070455_1.pdf
国信证券  2025-10-28 00:00:00  0.15014548891402923  33.6  28.4  25.4  https://pdf.dfcfw.com/pdf/H3_AP202510281770640944_1.pdf",sz.300957,贝泰妮,化妆品
0.4513553320130379,"中邮证券  2026-02-24 00:00:00  0.42278685900002433  29.13  18.12  14.39  https://pdf.dfcfw.com/pdf/H3_AP202602241819988910_1.pdf
中邮证券  2026-02-10 00:00:00  0.422913437852775  28.71  17.86  14.18  https://pdf.dfcfw.com/pdf/H3_AP202602101819851817_1.pdf
华源证券  2026-02-05 00:00:00  0.4367416327708391  29.89  19.87  14.48  https://pdf.dfcfw.com/pdf/H3_AP202602051819790721_1.pdf
信达证券  2026-01-31 00:00:00  0.5229793984285134  29.55  17.0  12.74  https://pdf.dfcfw.com/pdf/H3_AP202601311818760170_1.pdf",sz.300972,万辰集团,休闲食品
0.5790054439455669,"东吴证券  2026-01-16 00:00:00  0.7275563444433393  61.42  33.44  20.58  https://pdf.dfcfw.com/pdf/H3_AP202601151817137499_1.pdf
爱建证券  2025-12-22 00:00:00  0.43045454344779444  61.12  41.36  29.87  https://pdf.dfcfw.com/pdf/H3_AP202512221805836651_1.pdf",sz.301200,大族数控,专用设备
0.1180339887498949,民生证券  2025-10-28 00:00:00  0.1180339887498949  30.0  26.0  24.0  https://pdf.dfcfw.com/pdf/H3_AP202510281770782153_1.pdf,sz.301301,川宁生物,化学制药
0.3884378777099608,爱建证券  2025-12-31 00:00:00  0.38843787770996085  95.0  52.85  49.28  https://pdf.dfcfw.com/pdf/H3_AP202512311812058468_1.pdf,sz.301308,江波龙,半导体
0.9228440854251808,东吴证券  2026-01-20 00:00:00  0.9228440854251807  37.38  13.66  10.11  https://pdf.dfcfw.com/pdf/H3_AP202601201818138689_1.pdf,sz.301358,湖南裕能,电池
0.1766968108291042,群益证券  2026-02-04 00:00:00  0.17669681082910427  36.0  30.0  26.0  https://pdf.dfcfw.com/pdf/H3_AP202602041819763700_1.pdf,sz.301498,乖宝宠物,饲料
0.623100401243504,中邮证券  2026-01-30 00:00:00  0.623100401243504  97.87  59.57  37.15  https://pdf.dfcfw.com/pdf/H3_AP202601291818553128_1.pdf,sz.301536,星宸科技,半导体
0.3892597190407622,"山西证券  2025-11-27 00:00:00  0.5401884466284699  63.1  40.2  26.6  https://pdf.dfcfw.com/pdf/H3_AP202511271789374811_1.pdf
国元证券  2025-10-31 00:00:00  0.34244488653400396  65.13  51.99  36.14  https://pdf.dfcfw.com/pdf/H3_AP202510311772517658_1.pdf
中邮证券  2025-10-17 00:00:00  0.36328046170998696  61.09  44.53  32.87  https://pdf.dfcfw.com/pdf/H3_AP202510171763659673_1.pdf
国元证券  2025-10-10 00:00:00  0.37213730880006013  59.74  40.5  31.73  https://pdf.dfcfw.com/pdf/H3_AP202510101759391445_1.pdf
华源证券  2025-09-26 00:00:00  0.3282474915312903  62.56  46.53  35.46  https://pdf.dfcfw.com/pdf/H3_AP202509261750869918_1.pdf",sz.301611,珂玛科技,半导体
0.1094003924504583,国信证券  2025-08-28 00:00:00  0.1094003924504583  9.6  8.7  7.8  https://pdf.dfcfw.com/pdf/H3_AP202508281735932203_1.pdf,sh.600000,浦发银行,银行
0.1724489873367525,群益证券  2025-12-22 00:00:00  0.1724489873367525  37.83  27.59  27.52  https://pdf.dfcfw.com/pdf/H3_AP202512221805683436_1.pdf,sh.600009,上海机场,交通运输
0.42325529833608333,国金证券  2025-04-20 00:00:00  0.42325529833608333  35.53  22.35  17.54  https://pdf.dfcfw.com/pdf/H3_AP202504201659495406_1.pdf,sh.600010,包钢股份,钢铁
0.0720858964656641,"华源证券  2025-10-30 00:00:00  0.015844984208236212  8.4  8.27  8.14  https://pdf.dfcfw.com/pdf/H3_AP202510301772091685_1.pdf
东吴证券  2025-10-30 00:00:00  0.128326808723092  8.81  7.58  6.92  https://pdf.dfcfw.com/pdf/H3_AP202510301771554934_1.pdf",sh.600011,华能国际,公用事业
,,sh.600015,华夏银行,银行
,,sh.600016,民生银行,银行
,,sh.600018,上港集团,交通运输
0.1180339887498949,民生证券  2025-11-02 00:00:00  0.1180339887498949  15.0  13.0  12.0  https://pdf.dfcfw.com/pdf/H3_AP202511021773832444_1.pdf,sh.600019,宝钢股份,钢铁
0.09736407850452222,国金证券  2025-08-29 00:00:00  0.09736407850452222  9.73  8.32  8.08  https://pdf.dfcfw.com/pdf/H3_AP202508291736331793_1.pdf,sh.600023,浙能电力,公用事业
0.04293326712457923,国金证券  2025-08-30 00:00:00  0.04293326712457923  20.09  19.09  18.47  https://pdf.dfcfw.com/pdf/H3_AP202508301736875860_1.pdf,sh.600025,华能水电,公用事业
0.17364143335977072,"国信证券  2025-11-06 00:00:00  0.10166928507388895  14.2  12.1  11.7  https://pdf.dfcfw.com/pdf/H3_AP202511061776348140_1.pdf
信达证券  2025-10-31 00:00:00  0.10220230493818994  15.38  13.03  12.66  https://pdf.dfcfw.com/pdf/H3_AP202510311772615929_1.pdf
国金证券  2025-10-31 00:00:00  0.22681020990992762  11.89  8.72  7.9  https://pdf.dfcfw.com/pdf/H3_AP202510311772420351_1.pdf
华源证券  2025-10-17 00:00:00  0.2638839335170764  11.07  7.41  6.93  https://pdf.dfcfw.com/pdf/H3_AP202510171763845335_1.pdf",sh.600026,中远海能,交通运输
0.09838418282976882,"华源证券  2025-09-11 00:00:00  0.07085593293396708  9.3  8.65  8.11  https://pdf.dfcfw.com/pdf/H3_AP202509111741750320_1.pdf
东莞证券  2025-09-01 00:00:00  0.1338934190276817  9.0  8.0  7.0  https://pdf.dfcfw.com/pdf/H3_AP202509011737745672_1.pdf
东吴证券  2025-09-01 00:00:00  0.09544511501033215  9.54  9.03  7.95  https://pdf.dfcfw.com/pdf/H3_AP202509011737586879_1.pdf
国信证券  2025-09-01 00:00:00  0.03593954056562465  8.8  8.6  8.2  https://pdf.dfcfw.com/pdf/H3_AP202509011737579241_1.pdf
国金证券  2025-08-29 00:00:00  0.1557869066112385  8.87  8.49  6.64  https://pdf.dfcfw.com/pdf/H3_AP202508291736345009_1.pdf",sh.600027,华电国际,公用事业
0.14816495048225287,东吴证券  2025-12-06 00:00:00  0.14816495048225287  17.81  15.03  13.51  https://pdf.dfcfw.com/pdf/H3_AP202512061794916088_1.pdf,sh.600028,中国石化,石油石化
2.5148675656991157,"国信证券  2026-02-06 00:00:00  2.068506206133312  167.6  26.9  17.8  https://pdf.dfcfw.com/pdf/H3_AP202602061819805581_1.pdf
华源证券  2026-01-29 00:00:00  2.9612289252649195  248.08  26.65  15.81  https://pdf.dfcfw.com/pdf/H3_AP202601291818544833_1.pdf",sh.600029,南方航空,交通运输
0.05500090957491277,"东吴证券  2026-01-18 00:00:00  0.0551511983819879  13.85  13.1  12.44  https://pdf.dfcfw.com/pdf/H3_AP202601181818066388_1.pdf
东吴证券  2026-01-15 00:00:00  0.05485062076783764  13.92  13.17  12.51  https://pdf.dfcfw.com/pdf/H3_AP202601141817023852_1.pdf",sh.600030,中信证券,非银金融
0.2226689276475411,东吴证券  2026-02-14 00:00:00  0.2226689276475411  25.01  19.09  16.73  https://pdf.dfcfw.com/pdf/H3_AP202602131819927451_1.pdf,sh.600031,三一重工,机械设备
